ticker,company,reason
2MXP.PA,Teract,not-in-whitelist
88EL.AX,88 Energy,not-in-whitelist
ORGN,Origin Materials,not-in-whitelist
AAEV.L,Albion Enterprise,not-in-whitelist
AAF.L,Airtel Africa,not-in-whitelist
AAIF.L,Aberdeen Asian Income Fund,not-in-whitelist
AAL.L,Anglo American,not-in-whitelist
AAUC.TO,Allied Gold,not-in-whitelist
AAV.TO,Advantage Energy,not-in-whitelist
AXON,Axon Enterprise,not-in-whitelist
ABBNSEQ.SW,ABB,not-in-whitelist
ABBRF.TO,AbraSilver Resource,not-in-whitelist
COR,Cencora,not-in-whitelist
ABCAP.PA,ABC arbitrage,not-in-whitelist
ABCL.TO,AbCellera Biologics,not-in-whitelist
ABDX.L,Abingdon Health,not-in-whitelist
ABEPF.TO,Vision Lithium,not-in-whitelist
ABF.L,Associated British Foods,not-in-whitelist
ABNXP.PA,Abionyx Pharma,not-in-whitelist
ABP.PA,AB Science,not-in-whitelist
ABRD.TO,Barrick Mining,not-in-whitelist
ABUS.TO,Arbutus Biopharma,not-in-whitelist
ABVXP.PA,Abivax,not-in-whitelist
ABX.TO,Barrick Mining,not-in-whitelist
AC.TO,Air Canada,not-in-whitelist
MYPS,Playstudios,not-in-whitelist
ACAP.PA,Credit Agricole,not-in-whitelist
ACB.TO,Aurora Cannabis,not-in-whitelist
TMPO,Tempo Automation,not-in-whitelist
ACHR,Archer Aviation,not-in-whitelist
ACIU.SW,AC Immune,not-in-whitelist
ACLNS.SW,Accelleron Industries,not-in-whitelist
ACN.IR,Accenture,not-in-whitelist
ACOG.TO,Alpha Cognition,not-in-whitelist
ACOX.TO,Atco (Class I),not-in-whitelist
ACOY.TO,Atco (Class II),not-in-whitelist
ACP.PA,Accor,not-in-whitelist
ACQ.TO,AutoCanada,not-in-whitelist
ACTHF.TO,Aduro Clean Technologies,not-in-whitelist
ACUIF.TO,Illumin Holdings,not-in-whitelist
ADEN.TO,ADENTRA,not-in-whitelist
ADENS.SW,Adecco,not-in-whitelist
HGTY,Hagerty,not-in-whitelist
IVVD,Invivyd,not-in-whitelist
ADM.L,Admiral Group,not-in-whitelist
ADN.TO,Acadian Timber,not-in-whitelist
ADOCP.PA,Adocia,not-in-whitelist
ADPP.PA,Aeroports de Paris,not-in-whitelist
ADVICP.PA,Advicenn,not-in-whitelist
ADVNS.SW,Adval Tech,not-in-whitelist
ADWA.TO,Andrew Peller (Class A),not-in-whitelist
AEBI.SW,Aebi Schmidt Holding,not-in-whitelist
AEG.L,Active Energy,not-in-whitelist
AELISP.PA,Aelis Farma,not-in-whitelist
AEM.TO,Agnico Eagle Mines,not-in-whitelist
AERI.L,Aquila European Renewables Income Fund,not-in-whitelist
AERS.L,Aquila European Renewables Income Fund,not-in-whitelist
AETUF.TO,ARC Resources,not-in-whitelist
AEWU.L,AEW UK REIT,not-in-whitelist
AEXGL.TO,Amaroq,not-in-whitelist
AEZS.TO,COSCIENS Biopharma,not-in-whitelist
AFEN.L,AFC Energy,not-in-whitelist
AFMEP.PA,Affluent Medical,not-in-whitelist
AFN.TO,Ag Growth International,not-in-whitelist
AFP.PA,Air France,not-in-whitelist
AFX.L,Alpha Group International,not-in-whitelist
AG.TO,First Majestic Silver,not-in-whitelist
AGFB.TO,AGF Management,not-in-whitelist
AGFX.L,Argentex,not-in-whitelist
AGI.TO,Alamos Gold,not-in-whitelist
AGRI.TO,AgriFORCE Growing Systems,not-in-whitelist
AGRIU.TO,Agrinam Acquisition Corp,not-in-whitelist
AGR.L,Assura,not-in-whitelist
AGVI.L,Aberforth Geared Value & Income Trust,not-in-whitelist
AGY.L,Allergy Therapeutics,not-in-whitelist
AHT.L,Ashtead,not-in-whitelist
AI.TO,Atrium Mortgage Investment,not-in-whitelist
AIBGL.IR,AIB Group,not-in-whitelist
AIF.TO,Altus Group,not-in-whitelist
AII.TO,Almonty Industries,not-in-whitelist
AIM.TO,Aimia,not-in-whitelist
AIP.PA,Air Liquide,not-in-whitelist
AKAN.TO,Akanda,not-in-whitelist
AKEP.PA,Arkema,not-in-whitelist
AKTA.TO,AKITA Drilling (Class A),not-in-whitelist
AKWP.PA,AKWEL,not-in-whitelist
AL2SIP.PA,2CRSI,not-in-whitelist
ALA.TO,AltaGas,not-in-whitelist
ALAFYP.PA,Afyren,not-in-whitelist
ALATIP.PA,Actia Group,not-in-whitelist
ALAUDP.PA,Audacia SA,not-in-whitelist
ALBA.L,Alba Mineral Resources,not-in-whitelist
ALBFRP.PA,Sidetrade,not-in-whitelist
ALBIOP.PA,Biosynex,not-in-whitelist
ALBIZP.PA,Obiz,not-in-whitelist
ALBOAP.PA,BOA Concept,not-in-whitelist
ALBPKP.PA,Broadpeak,not-in-whitelist
ALBPSP.PA,Biophytis,not-in-whitelist
ALC.SW,Alcon,not-in-whitelist
ALC.TO,Algoma Central,not-in-whitelist
ALCAPP.PA,Capelli,not-in-whitelist
ALCARP.PA,Carmat,not-in-whitelist
ALCBIP.PA,Crypto Blockchain Industries,not-in-whitelist
ALCCS.SW,Alcon,not-in-whitelist
ALCJP.PA,Crossject,not-in-whitelist
ALCLSP.PA,Cellectis,not-in-whitelist
ALCOGP.PA,Cogra 48,not-in-whitelist
ALCORP.PA,Biocorp,not-in-whitelist
ALCOXP.PA,Nicox,not-in-whitelist
ALCRBP.PA,Carbios,not-in-whitelist
ALCWEP.PA,Charwood Energy,not-in-whitelist
ALDELP.PA,Delfingen,not-in-whitelist
ALDLTP.PA,Delta Plus,not-in-whitelist
ALDMSP.PA,Diagnostic Medical Systems,not-in-whitelist
ALDNEP.PA,Dont Nod Entertainment,not-in-whitelist
ALDP.PA,Ayvens,not-in-whitelist
ALENOP.PA,Enogia,not-in-whitelist
ALERSP.PA,Eurobio Scientific,not-in-whitelist
ALESEP.PA,Entech,not-in-whitelist
ALEUPP.PA,Europlasma,not-in-whitelist
ALFLOP.PA,Florentaise,not-in-whitelist
ALFOCP.PA,Pullup Entertainment,not-in-whitelist
ALFPCP.PA,Fountaine Pajot,not-in-whitelist
ALFREP.PA,Freelance.com,not-in-whitelist
ALGBEP.PA,Global Bioenergies,not-in-whitelist
ALGILP.PA,Groupe Guillin,not-in-whitelist
ALHAFP.PA,Haffner Energy,not-in-whitelist
ALHEXP.PA,HEXAOM,not-in-whitelist
ALHFP.PA,HF,not-in-whitelist
ALHGP.PA,Louis Hachette,not-in-whitelist
ALHGRP.PA,Hoffmann Green Cement Technologies,not-in-whitelist
ALHPIP.PA,Hopium,not-in-whitelist
ALHRSP.PA,Hydrogen Refueling Solutions,not-in-whitelist
ALHYPP.PA,HiPay,not-in-whitelist
ALICAP.PA,ICAPE,not-in-whitelist
ALIKOP.PA,Ikonisys,not-in-whitelist
ALINNP.PA,Innelec Multimedia,not-in-whitelist
ALK.AX,Alkane Resources,not-in-whitelist
ALKALP.PA,Kalray,not-in-whitelist
ALKEYP.PA,Keyrus,not-in-whitelist
ALKKOP.PA,KKO International,not-in-whitelist
ALKS.IR,Alkermes,not-in-whitelist
ALLDLP.PA,Groupe LDLC,not-in-whitelist
ALLE.IR,Allegion,not-in-whitelist
ALLGOP.PA,Largo,not-in-whitelist
ALLHBP.PA,Les Hotels Baverez,not-in-whitelist
ALLIXP.PA,Wallix Group,not-in-whitelist
ALLNS.SW,Allreal,not-in-whitelist
ALLPLP.PA,Lepermislibre,not-in-whitelist
ALLT.TA,Allot,not-in-whitelist
ALM.TO,Almonty Industries,not-in-whitelist
ALMDGP.PA,MGI Digital Graphic Technology,not-in-whitelist
ALMDPP.PA,Medesis Pharma,not-in-whitelist
ALMDTP.PA,MEDIAN Technologies,not-in-whitelist
ALMIBP.PA,Amoeba,not-in-whitelist
ALMLBP.PA,Miliboo,not-in-whitelist
ALMOUP.PA,Moulinvest,not-in-whitelist
ALNFLP.PA,NFL Biosciences,not-in-whitelist
ALNMRP.PA,Nam R,not-in-whitelist
ALNOVP.PA,Novacyt,not-in-whitelist
ALODCP.PA,Omer-Decugis & Cie,not-in-whitelist
ALOKWP.PA,Groupe Okwind,not-in-whitelist
ALOP.PA,Alstom,not-in-whitelist
ALPDXP.PA,Piscines Desjoyaux,not-in-whitelist
ALPJTP.PA,Poujoulat,not-in-whitelist
ALPRGP.PA,Prologue,not-in-whitelist
ALREWP.PA,ReWorld Media,not-in-whitelist
ALRIBP.PA,Riber,not-in-whitelist
ALS.TO,Altius Minerals,not-in-whitelist
ALSEMP.PA,Semco Technologies,not-in-whitelist
ALSNS.SW,ALSO,not-in-whitelist
ALSOGP.PA,Sogeclair,not-in-whitelist
ALSPTP.PA,Spartoo,not-in-whitelist
ALSRSP.PA,Sirius Media,not-in-whitelist
ALSTIP.PA,STIF,not-in-whitelist
ALSTWP.PA,Streamwide,not-in-whitelist
ALTAIP.PA,LightOn,not-in-whitelist
ALTAP.PA,Altarea,not-in-whitelist
ALTBGP.PA,Capital B,not-in-whitelist
ALTN.L,AltynGold,not-in-whitelist
ALTOOP.PA,Toosla,not-in-whitelist
ALTPCP.PA,Societe Marseillaise Prado-Carenage,not-in-whitelist
ALTUVP.PA,BIO-UV,not-in-whitelist
ALVALP.PA,Valbiotis,not-in-whitelist
ALVAPP.PA,Kumulus Vape,not-in-whitelist
ALVDMP.PA,Voyageurs du Monde,not-in-whitelist
ALVINP.PA,Vinpai,not-in-whitelist
ALVMGP.PA,Klea Holding,not-in-whitelist
ALWFP.PA,Winfarm,not-in-whitelist
ALWTRP.PA,Osmosun,not-in-whitelist
ALYA.TO,Alithya Group,not-in-whitelist
AMC.TO,Arizona Metals,not-in-whitelist
AMCO.L,Amcomri Group,not-in-whitelist
AMGO.L,Amigo,not-in-whitelist
AML.L,Aston Martin Lagonda Global,not-in-whitelist
AMP.PA,Dassault Aviation,not-in-whitelist
AMRZ.SW,Amrize,not-in-whitelist
AMRZS.SW,Amrize,not-in-whitelist
AMS.L,Advanced Medical Solutions,not-in-whitelist
AMSS.VI,ams-OSRAM,not-in-whitelist
AMUNP.PA,Amundi,not-in-whitelist
AND.TO,Andlauer Healthcare,not-in-whitelist
ANDR.VI,ANDRITZ,not-in-whitelist
ANGS.L,Angus Energy,not-in-whitelist
ANII.L,Abrdn New India Investment Trust,not-in-whitelist
ANRG.TO,Anaergia,not-in-whitelist
ANTINP.PA,Antin Infrastructure Partners,not-in-whitelist
ANTO.L,Antofagasta,not-in-whitelist
ANX.L,Anexo,not-in-whitelist
ANY.TO,Sphere 3D,not-in-whitelist
AOI.TO,Meren Energy,not-in-whitelist
AO.L,AO World,not-in-whitelist
AON.IR,Aon,not-in-whitelist
AOT.TO,Ascot Resources,not-in-whitelist
APF.L,Ecora Resources,not-in-whitelist
APM.TO,Andean Precious Metals,not-in-whitelist
APN.L,Applied Nutrition,not-in-whitelist
APTO.TO,Aptose Biosciences,not-in-whitelist
AQN.TO,Algonquin Power & Utilities,not-in-whitelist
ARAMIP.PA,Aramis,not-in-whitelist
ARB.L,Argo Blockchain,not-in-whitelist
ARCD.OL,Aker BP,not-in-whitelist
ARE.TO,Aecon Group,not-in-whitelist
ARG.TO,Amerigo Resources,not-in-whitelist
ARGP.PA,Argan,not-in-whitelist
ARIS.TO,Aris Mining,not-in-whitelist
ARMN.TO,Aris Mining,not-in-whitelist
ARONS.SW,Arundel,not-in-whitelist
ARREF.TO,Amerigo Resources,not-in-whitelist
ARX.TO,ARC Resources,not-in-whitelist
ASCU.TO,Arizona Sonoran Copper,not-in-whitelist
ASHM.L,Ashmore Group,not-in-whitelist
ASL.L,Aberforth Smaller Companies Trust,not-in-whitelist
ASM.TO,Avino Silver & Gold Mines,not-in-whitelist
ASOS.L,ASOS,not-in-whitelist
ASTL.TO,Algoma Steel,not-in-whitelist
ASYP.PA,Assystem,not-in-whitelist
AT11.L,Ashtead Technology,not-in-whitelist
ATAP.PA,Atari,not-in-whitelist
ATD.TO,Alimentation Couche-Tard,not-in-whitelist
ATEMEP.PA,ATEME,not-in-whitelist
ATEP.PA,Alten,not-in-whitelist
ATH.TO,Athabasca Oil,not-in-whitelist
ATN1.L,Aterian,not-in-whitelist
ATOM.L,Atome PLC,not-in-whitelist
ATOP.PA,Atos,not-in-whitelist
ATRL.TO,AtkinsRealis Group,not-in-whitelist
ATS.TO,ATS,not-in-whitelist
ATS.VI,AT&S Austria Technologie & Systemtechnik,not-in-whitelist
ATST.L,Alliance Witan,not-in-whitelist
ATT.L,Allianz Technology Trust,not-in-whitelist
ATUSF.TO,Altius Minerals,not-in-whitelist
ATZ.TO,Aritzia,not-in-whitelist
AUBP.PA,Aubay,not-in-whitelist
AUDC.TA,AudioCodes,not-in-whitelist
AUGM.L,Augmentum Fintech,not-in-whitelist
AUGRP.PA,Augros Cosmetic Packaging,not-in-whitelist
AUPH.TO,Aurinia Pharmaceuticals,not-in-whitelist
AUREP.PA,Aurea,not-in-whitelist
AUST.TO,Austin Gold,not-in-whitelist
AUTO.L,Auto Trader,not-in-whitelist
AUTONS.SW,Autoneum,not-in-whitelist
AVCN.TO,Avicanna,not-in-whitelist
AVCT1.L,Avacta Group,not-in-whitelist
AVDL.IR,Avadel Pharmaceuticals,not-in-whitelist
AV.L,Aviva,not-in-whitelist
AVL.TO,Avalon Advanced Materials,not-in-whitelist
AVNT.TO,Avant Brands,not-in-whitelist
AVON.L,Avon Technologies,not-in-whitelist
AVTBF.TO,Avant Brands,not-in-whitelist
AW.TO,A&W Food Services of Canada,not-in-whitelist
AWE.L,Alphawave IP,not-in-whitelist
AXWP.PA,74Software,not-in-whitelist
AYA.TO,Aya Gold & Silver,not-in-whitelist
AZN.L,AstraZeneca,not-in-whitelist
BAB.L,Babcock International,not-in-whitelist
BABY.TO,Else Nutrition,not-in-whitelist
BAERS.SW,Julius Baer,not-in-whitelist
BAG.L,AG Barr,not-in-whitelist
BAKK.L,Bakkavor,not-in-whitelist
BA.L,BAE Systems,not-in-whitelist
BALNS.SW,Baloise,not-in-whitelist
BALYOP.PA,Balyo,not-in-whitelist
BAM.TO,Brookfield Corp,not-in-whitelist
BAM1.TO,Brookfield Asset Management,not-in-whitelist
BANBS.SW,Bachem,not-in-whitelist
BARC.L,Barclays,not-in-whitelist
BARNS.SW,Barry Callebaut,not-in-whitelist
BATRA,Atlanta Braves (Series A),not-in-whitelist
BATS.L,British American Tobacco,not-in-whitelist
BB.TO,BlackBerry,not-in-whitelist
BBB.L,Bigblu Broadband,not-in-whitelist
BBDA.TO,Bombardier (Class A),not-in-whitelist
BBDB.TO,Bombardier (Class B),not-in-whitelist
BBDC,Barings BDC,not-in-whitelist
BBDCD.TO,Bombardier,not-in-whitelist
BBH.L,Bellevue Healthcare Trust,not-in-whitelist
BBKCF.TO,BIGG Digital Assets,not-in-whitelist
BBNS.SW,Bellevue,not-in-whitelist
BBOX.L,Tritax Big Box REIT,not-in-whitelist
BBP.PA,Societe BIC,not-in-whitelist
BBUC.TO,Brookfield Business Corp,not-in-whitelist
BBY.L,Balfour Beatty,not-in-whitelist
BCAN.TO,Femto Technologies,not-in-whitelist
BCCEF.TO,BacTech Environmental,not-in-whitelist
BCE.TO,BCE,not-in-whitelist
BCHNS.SW,Burckhardt Compression,not-in-whitelist
BCT.TO,BriaCell Therapeutics,not-in-whitelist
BCTX.TO,BriaCell Therapeutics,not-in-whitelist
BCVNS.SW,Banque Cantonale Vaudoise,not-in-whitelist
BDEV.L,Barratt Redrow,not-in-whitelist
BDGI.TO,Badger Infrastructure Solutions,not-in-whitelist
BDI.TO,Black Diamond Group,not-in-whitelist
BDT.TO,Bird Construction,not-in-whitelist
BEANS.SW,Belimo,not-in-whitelist
BEKNS.SW,Berner Kantonalbank,not-in-whitelist
BEM.L,Beowulf Mining,not-in-whitelist
BENP.PA,Beneteau,not-in-whitelist
BEPC.TO,Brookfield Renewable,not-in-whitelist
BERI.L,BlackRock Energy and Resources Income Trust,not-in-whitelist
BEZ.L,Beazley,not-in-whitelist
BG.SW,Bunge,not-in-whitelist
BG.VI,BAWAG,not-in-whitelist
BGCG.L,Baillie Gifford China Growth Trust,not-in-whitelist
BGEO.L,Lion Finance Group,not-in-whitelist
BGEU.L,Baillie Gifford European Growth Trust,not-in-whitelist
BGFD.L,Baillie Gifford Japan Trust,not-in-whitelist
BGI.TO,Birks,not-in-whitelist
BGO.L,Bango,not-in-whitelist
BGS.L,Baillie Gifford Shin Nippon,not-in-whitelist
BGUK.L,Baillie Gifford UK Growth Trust,not-in-whitelist
BHC.TO,Bausch Health,not-in-whitelist
BHST.TO,BioHarvest Sciences,not-in-whitelist
BIGP.PA,Bigben Interactive,not-in-whitelist
BIMP.PA,BioMerieux,not-in-whitelist
BIOG.L,Biotech Growth Trust,not-in-whitelist
BIONS.SW,BB Biotech,not-in-whitelist
BIPC.TO,Brookfield Infrastructure,not-in-whitelist
BIR.TO,Birchcliff Energy,not-in-whitelist
BIRG1L.IR,Bank of Ireland,not-in-whitelist
BITF.TO,Bitfarms,not-in-whitelist
BKG.L,Berkeley Group,not-in-whitelist
BKND.TO,Bank of Nova Scotia,not-in-whitelist
BKWS.SW,BKW,not-in-whitelist
BLCO.TO,Bausch + Lomb,not-in-whitelist
BLCP.PA,Bastide le Confort Medical,not-in-whitelist
BLDP.TO,Ballard Power Systems,not-in-whitelist
BLN.TO,Blackline Safety,not-in-whitelist
BLND.L,British Land,not-in-whitelist
BLSS.SW,Blackstone Resources,not-in-whitelist
BLTL.AX,BHP Group,not-in-whitelist
BLX.TO,Boralex,not-in-whitelist
BMO.TO,Bank of Montreal,not-in-whitelist
BMPG.L,CT Managed Portfolio Trust,not-in-whitelist
BMR.TA,Beamr Imaging,not-in-whitelist
BMY.L,Bloomsbury Publishing,not-in-whitelist
BN.TO,Brookfield,not-in-whitelist
BNE.TO,Bonterra Energy,not-in-whitelist
BNKR.L,Bankers Investment Trust,not-in-whitelist
BNP.PA,Danone,not-in-whitelist
BNPP.PA,BNP Paribas,not-in-whitelist
BNRG.TA,Brenmiller Energy,not-in-whitelist
BNS.TO,Bank of Nova Scotia,not-in-whitelist
BNZL.L,Bunzl,not-in-whitelist
BOD.L,Botswana Diamonds,not-in-whitelist
BOIL.L,Sunda Energy,not-in-whitelist
BOIP.PA,Boiron,not-in-whitelist
BOLP.PA,Bollore,not-in-whitelist
BONP.PA,Bonduelle,not-in-whitelist
BOR.L,Borders & Southern Petroleum,not-in-whitelist
BOS.TO,AirBoss of America,not-in-whitelist
BOWL.L,Hollywood Bowl,not-in-whitelist
BOY.L,Bodycote,not-in-whitelist
BP.L,BP,not-in-whitelist
BRAG.TO,Bragg Gaming Group,not-in-whitelist
BRBY.L,Burberry,not-in-whitelist
BRCN.TO,Burcon NutraScience,not-in-whitelist
BRE.TO,Bridgemarq Real Estate Services,not-in-whitelist
BREA.IR,Brera Holdings,not-in-whitelist
BRES.L,Blencowe Resources,not-in-whitelist
BRGE.L,BlackRock Greater Europe Investment Trust,not-in-whitelist
BRIG.L,Blackrock Income & Growth Investment Trust,not-in-whitelist
BRNA.L,Blackrock American Income Trust,not-in-whitelist
BRSC.L,BlackRock Smaller Cos Trust,not-in-whitelist
BRSH.TO,Bruush Oral Care,not-in-whitelist
BRWM.L,BlackRock World Mining Trust,not-in-whitelist
BSAQ.SI,Vinfast Auto,not-in-whitelist
BSKPS.SW,Basler Kantonalbank,not-in-whitelist
BTE.TO,Baytex Energy,not-in-whitelist
BTEGF.TO,Baytex Energy,not-in-whitelist
BTEM.L,Avi Global Trust,not-in-whitelist
BTG.TO,B2Gold,not-in-whitelist
BT.L,BT Group,not-in-whitelist
BTO.TO,B2Gold,not-in-whitelist
BTQQF.TO,BTQ Technologies,not-in-whitelist
BUCNS.SW,Bucher Industries,not-in-whitelist
BURP.PA,Burelle,not-in-whitelist
BUSXF.TO,Vicinity Motor,not-in-whitelist
BVCL.TA,BATM Advanced Communications,not-in-whitelist
BVIP.PA,Bureau Veritas,not-in-whitelist
BVS.L,Vistry Group,not-in-whitelist
BVXP.L,Bioventix,not-in-whitelist
BVZNS.SW,BVZ Holding,not-in-whitelist
BWLP.SI,BW LPG Ltd,not-in-whitelist
BWMX.MX,Betterware de Mexico,not-in-whitelist
BWY.L,Bellway,not-in-whitelist
BXTD.TO,BioNxt Solutions,not-in-whitelist
BYD.TO,Boyd Group Services,not-in-whitelist
BYG.L,Big Yellow Group,not-in-whitelist
BYIT.L,Bytes Technology Group,not-in-whitelist
BZZD.TO,Bank of Montreal,not-in-whitelist
CABP.L,Cab Payments Holdings,not-in-whitelist
CAE.TO,CAE,not-in-whitelist
CAFOP.PA,Cafom,not-in-whitelist
CAFP.PA,Caisse Regionale de Credit Agricole Mutuel de Paris et d'Ile-de-France,not-in-whitelist
CAI.VI,CA Immobilien Anlagen,not-in-whitelist
CAML.L,Central Asia Metals,not-in-whitelist
CAMT.TA,Camtek,not-in-whitelist
CANL.PA,Canal+,not-in-whitelist
CAP.PA,Carrefour,not-in-whitelist
CAPC.L,Shaftesbury Capital,not-in-whitelist
CAPP.PA,Capgemini,not-in-whitelist
CARD.L,Card Factory,not-in-whitelist
CAR.L,Carclo,not-in-whitelist
CARMP.PA,Carmila,not-in-whitelist
CAS.TO,Cascades,not-in-whitelist
CB.SW,Chubb,not-in-whitelist
CBDGP.PA,Cie du Cambodge,not-in-whitelist
CBGBD.CO,Carlsberg,not-in-whitelist
CBG.L,Close Brothers Group,not-in-whitelist
CBHDD.CO,Coloplast,not-in-whitelist
CBOTP.PA,CBo Territoria,not-in-whitelist
CBOX.L,Cake Box,not-in-whitelist
CBSMP.PA,Societe Centrale des Bois et Scieries de la Manche,not-in-whitelist
CBWTF.TO,Auxly Cannabis,not-in-whitelist
CBX.L,Cel Ai,not-in-whitelist
CCA.TO,Cogeco Communications,not-in-whitelist
CCAP,Crescent Capital BDC,not-in-whitelist
CCC.L,Computacenter,not-in-whitelist
CCEP.L,Coca-Cola Europacific Partners,not-in-whitelist
CCHL.SW,Coca-Cola HBC,not-in-whitelist
CCHWF.TO,Cannabist Company Holdings,not-in-whitelist
CCJ.TO,Cameco,not-in-whitelist
CCLB.TO,CCL Industries,not-in-whitelist
CCL.L,Carnival PLC,not-in-whitelist
CCO.TO,Cameco,not-in-whitelist
CCRL.IR,C&C Group,not-in-whitelist
CDAP.PA,Cie des Alpes,not-in-whitelist
CDGP.L,Chapel Down Group,not-in-whitelist
CDIP.PA,Christian Dior,not-in-whitelist
CDL.L,Cloudbreak Discovery,not-in-whitelist
CDR.TO,Condor Energies,not-in-whitelist
CEMX.TO,CEMATRIX,not-in-whitelist
CENP.PA,Groupe Crit,not-in-whitelist
CER.L,Cerillion,not-in-whitelist
CET.TO,ACT Energy Technologies,not-in-whitelist
CEU.TO,CES Energy Solutions,not-in-whitelist
CF.TO,Canaccord Genuity,not-in-whitelist
CFF.TO,Conifex Timber,not-in-whitelist
CFP.TO,Canfor,not-in-whitelist
CFRS.SW,Cie Financiere Richemont,not-in-whitelist
CFTS.SW,Cie Financiere Tradition,not-in-whitelist
CFW.TO,Calfrac Well Services,not-in-whitelist
CFX.TO,Canfor Pulp Products,not-in-whitelist
CG.TO,Centerra Gold,not-in-whitelist
CGAU.TO,Centerra Gold,not-in-whitelist
CGC.TO,Canopy Growth,not-in-whitelist
CGEN.TA,Compugen,not-in-whitelist
CGG.TO,China Gold International Resources,not-in-whitelist
CGGP.PA,Viridien,not-in-whitelist
CGMP.PA,Cegedim,not-in-whitelist
CGNT.TA,Cognyte Software,not-in-whitelist
CGO.TO,Cogeco,not-in-whitelist
CGRO.TA,Innoviz Technologies,not-in-whitelist
CGT.L,Capital Gearing Trust,not-in-whitelist
CGX.TO,Cineplex,not-in-whitelist
CGY.TO,Calian Group,not-in-whitelist
CHEK.TA,Check Cap,not-in-whitelist
CHG.L,Chemring,not-in-whitelist
CHKP.TA,Check Point Software Technologies,not-in-whitelist
CHLD.SS,China Life Insurance,not-in-whitelist
CHR.TO,Chorus Aviation,not-in-whitelist
CHRT.L,Cohort,not-in-whitelist
CHSS.L,World Chess,not-in-whitelist
CHUD.SS,China Petroleum & Chemical,not-in-whitelist
CHW.TO,Chesswood Group,not-in-whitelist
CIA.AX,Champion Iron,not-in-whitelist
CICNS.SW,Cicor Technologies,not-in-whitelist
CIGI.TO,Colliers International Group,not-in-whitelist
CIX.TO,CI Financial Corp,not-in-whitelist
CJ.TO,Cardinal Energy,not-in-whitelist
CJRB.TO,Corus Entertainment,not-in-whitelist
CKN.L,Clarkson,not-in-whitelist
CLAP.PA,Claranova,not-in-whitelist
CLARIP.PA,Clariane,not-in-whitelist
CLGN.TA,Collplant Biotechnologies,not-in-whitelist
CLIG.L,City of London Investment Group,not-in-whitelist
CLI.L,CLS Holdings,not-in-whitelist
CLNS.SW,Clariant,not-in-whitelist
CLS.TO,Celestica,not-in-whitelist
CM.TO,Canadian Imperial Bank of Commerce,not-in-whitelist
CMBNS.SW,Cembra Money Bank,not-in-whitelist
CMCX.L,CMC Markets,not-in-whitelist
CMG.TO,Computer Modelling,not-in-whitelist
CMND.TO,Clearmind Medicine,not-in-whitelist
CMPI.L,CT Managed Portfolio Trust,not-in-whitelist
CNA.L,Centrica,not-in-whitelist
CNCT.L,Smiths News,not-in-whitelist
CNDFP.PA,Caisse Regionale de Credit Agricole Mutuel Nord de France,not-in-whitelist
CNE.TO,Canacol Energy,not-in-whitelist
CNE.L,Capricorn Energy,not-in-whitelist
CNI.TO,Canadian National Railway,not-in-whitelist
CNIC.L,Team Internet Group,not-in-whitelist
CNL.TO,Collective Mining,not-in-whitelist
CNQ.TO,Canadian Natural Resources,not-in-whitelist
CNR.TO,Canadian National Railway,not-in-whitelist
COA.L,Coats Group,not-in-whitelist
COFAP.PA,Coface,not-in-whitelist
COHP.PA,Coheris,not-in-whitelist
COP.PA,Casino Guichard Perrachon,not-in-whitelist
COPR.TO,Coppernico Metals,not-in-whitelist
COST.L,Costain,not-in-whitelist
COTNS.SW,Comet Holding,not-in-whitelist
COVHP.PA,Covivio Hotels,not-in-whitelist
COVP.PA,Covivio,not-in-whitelist
COXE.MX,Cox Energy America SAB,not-in-whitelist
CP.TO,Canadian Pacific Kansas City,not-in-whitelist
CPG.L,Compass,not-in-whitelist
CPH.TO,Cipher Pharmaceuticals,not-in-whitelist
CPI.L,Capita,not-in-whitelist
CPT.L,MyHealthChecked,not-in-whitelist
CPWD.TA,Check Point Software Technologies,not-in-whitelist
CPX.TO,Capital Power,not-in-whitelist
CRCD.TO,Canadian Natural Resources,not-in-whitelist
CRCL.L,Corcel,not-in-whitelist
CRDA.L,Croda International,not-in-whitelist
CRDL.TO,Cardiol Therapeutics,not-in-whitelist
CREI.L,Custodian Property Income Reit,not-in-whitelist
CRH.IR,CRH,not-in-whitelist
CRHL.IR,CRH,not-in-whitelist
CRIP.PA,Compagnie Chargeurs Invest,not-in-whitelist
CRLBF.TO,Cresco Labs,not-in-whitelist
CRN1L.IR,Cairn Homes,not-in-whitelist
CRNT.TA,Ceragon Networks,not-in-whitelist
CRON.TO,Cronos,not-in-whitelist
CRRX.TO,CareRx,not-in-whitelist
CRSP.SW,CRISPR Therapeutics,not-in-whitelist
CRST.L,Crest Nicholson,not-in-whitelist
CRSUP.PA,Caisse Regionale de Credit Agricole Mutuel Sud Rhone Alpes,not-in-whitelist
CRTPF.TO,Cardiol Therapeutics,not-in-whitelist
CRWC.L,Albion Crown VCT,not-in-whitelist
CS.TO,Capstone Copper,not-in-whitelist
CSIQ.TO,Canadian Solar,not-in-whitelist
CSJD.AX,CSL,not-in-whitelist
CSN.L,Chesnara,not-in-whitelist
CSP.PA,AXA,not-in-whitelist
CSTM.PA,Constellium,not-in-whitelist
CSU.TO,Constellation Software,not-in-whitelist
CSWA.TO,Corby Spirit and Wine (Class A),not-in-whitelist
CSWB.TO,Corby Spirit and Wine (Class B),not-in-whitelist
CTC.TO,Canadian Tire,not-in-whitelist
CTCA.TO,Canadian Tire (Class A),not-in-whitelist
CTEC.L,ConvaTec,not-in-whitelist
CTST.TO,CannTrust,not-in-whitelist
CTY.L,City of London Investment Trust,not-in-whitelist
CU.TO,Canadian Utilities,not-in-whitelist
CULMF.TO,Culico Metals,not-in-whitelist
CURA.TO,Curaleaf Holdings,not-in-whitelist
CURLF.TO,Curaleaf,not-in-whitelist
CUSNL.TO,Cornish Metals,not-in-whitelist
CVE.TO,Cenovus Energy,not-in-whitelist
CVO.TO,Coveo Solutions,not-in-whitelist
CVSG.L,CVS Group,not-in-whitelist
CWBHF.TO,Charlottes Web,not-in-whitelist
CWEB.TO,Charlottes Web,not-in-whitelist
CWR.L,Ceres Power,not-in-whitelist
CWWD.AX,Commonwealth Bank of Australia,not-in-whitelist
CXGHD.SS,Goldwind Science & Technology,not-in-whitelist
CYBD.TA,CyberArk Software,not-in-whitelist
CYBN.TO,Cybin,not-in-whitelist
CYBR.TA,CyberArk Software,not-in-whitelist
CYDVF.TO,Century Lithium,not-in-whitelist
CYFRF.TO,Sol Strategies Inc,not-in-whitelist
CYRN.TA,CYREN,not-in-whitelist
DAES.SW,Daetwyler,not-in-whitelist
DAR.L,DAR Global,not-in-whitelist
DATAA.L,GlobalData,not-in-whitelist
DBGP.PA,Derichebourg,not-in-whitelist
DBM.TO,Doman Building Materials,not-in-whitelist
DBVP.PA,DBV Technologies,not-in-whitelist
DCA.TO,Dundee,not-in-whitelist
DCBO.TO,Docebo,not-in-whitelist
DCCL.IR,DCC,not-in-whitelist
DC.L,Currys,not-in-whitelist
DCM.TO,DATA Communications Management,not-in-whitelist
DCRN.AX,Tritium DCFC,not-in-whitelist
DDDD.L,4d pharma,not-in-whitelist
DECP.PA,JCDecaux,not-in-whitelist
DEFTF.TO,Defi Technologies,not-in-whitelist
DEVLD.SI,DBS Group,not-in-whitelist
DFY.TO,Definity Financial,not-in-whitelist
DGE.L,Diageo,not-in-whitelist
DGHI.TO,Digi Power X,not-in-whitelist
DGOC.L,Diversified Energy,not-in-whitelist
DGP.PA,Vinci,not-in-whitelist
DIAGD.OL,NEL,not-in-whitelist
DIIB.TO,Dorel Industries,not-in-whitelist
DIMP.PA,Sartorius Stedim Biotech,not-in-whitelist
DIV.TO,Diversified Royalty,not-in-whitelist
DKID.T,Daikin Industries,not-in-whitelist
DKSHS.SW,DKSH,not-in-whitelist
DKUPLP.PA,Dekuple,not-in-whitelist
DLCG.TO,Dominion Lending Centres,not-in-whitelist
DLG.L,Direct Line Insurance,not-in-whitelist
DMAC.TO,DiaMedica Therapeutics,not-in-whitelist
DMEHF.TO,Desert Mountain Energy,not-in-whitelist
DMGGF.TO,DMG Blockchain Solutions,not-in-whitelist
DML.TO,Denison Mines,not-in-whitelist
DMN.TO,Damon,not-in-whitelist
DND.TO,Dye & Durham,not-in-whitelist
DNG.TO,Dynacor,not-in-whitelist
DNLM.L,Dunelm,not-in-whitelist
DNN.TO,Denison Mines,not-in-whitelist
DNQD.OL,Equinor,not-in-whitelist
DNTL.TO,dentalcorp,not-in-whitelist
DOC.VI,DO & CO,not-in-whitelist
DOCS.L,Dr Martens,not-in-whitelist
DOKAS.SW,dormakaba,not-in-whitelist
DOL.TO,Dollarama,not-in-whitelist
DOLE.IR,Dole,not-in-whitelist
DOLLF.TO,Dolly Varden Silver,not-in-whitelist
DOM.L,Domino's Pizza,not-in-whitelist
DOO.TO,BRP,not-in-whitelist
DOOO.TO,BRP,not-in-whitelist
DORE.L,Downing Renewables & Infrastructure Trust,not-in-whitelist
DOTD.L,Dotdigital,not-in-whitelist
DPLM.L,Diploma,not-in-whitelist
DPM.TO,Dundee Precious Metals,not-in-whitelist
DPMLF.TO,Dundee Precious Metals,not-in-whitelist
DPRO.TO,Draganfly,not-in-whitelist
DR.TO,Medical Facilities,not-in-whitelist
DRM.TO,DREAM Unlimited,not-in-whitelist
DRT.TO,DIRTT Environmental Solutions,not-in-whitelist
DRUG.TO,Bright Minds Biosciences,not-in-whitelist
DRX.TO,ADF Group,not-in-whitelist
DRX.L,Drax,not-in-whitelist
DSG.TO,Descartes Systems Group,not-in-whitelist
DSGX.TO,Descartes Systems,not-in-whitelist
DSMA.SW,DSM-Firmenich,not-in-whitelist
DSV.TO,Discovery Silver,not-in-whitelist
DSVSF.TO,Discovery Silver,not-in-whitelist
DSYP.PA,Dassault Systemes,not-in-whitelist
DTEA.TO,DavidsTea,not-in-whitelist
DTG.L,JET2,not-in-whitelist
DTOL.TO,D2L,not-in-whitelist
DUFNS.SW,Avolta,not-in-whitelist
DWL.L,Dowlais Group,not-in-whitelist
DXT.TO,Dexterra,not-in-whitelist
EAPIP.PA,Euroapi,not-in-whitelist
EAT.L,European Assets Trust,not-in-whitelist
EBAC.SW,Oculis Holding,not-in-whitelist
EBS.VI,Erste Group Bank,not-in-whitelist
ECHO.L,Nativo Resources,not-in-whitelist
ECM.L,RS Group,not-in-whitelist
ECN.TO,ECN Capital,not-in-whitelist
ECO.TO,EcoSynthetix,not-in-whitelist
ECOL.TO,Eco Atlantic Oil & Gas,not-in-whitelist
ECPP.PA,EuropaCorp,not-in-whitelist
EDENP.PA,Edenred,not-in-whitelist
EDGAD.JO,Gold Fields,not-in-whitelist
EDNC.TA,SatixFy Communications,not-in-whitelist
EDR.TO,Endeavour Silver,not-in-whitelist
EDSA.TO,Edesa Biotech,not-in-whitelist
EDT.TO,Spectral Medical,not-in-whitelist
EEMMF.TO,E3 Lithium,not-in-whitelist
EFLVF.TO,Electrovaya,not-in-whitelist
EFN.TO,Element Fleet Management,not-in-whitelist
EFR.TO,Energy Fuels,not-in-whitelist
EFX.TO,Enerflex,not-in-whitelist
EFXT.TO,Enerflex,not-in-whitelist
EGLX.TO,Enthusiast Gaming,not-in-whitelist
EGO.TO,Eldorado Gold,not-in-whitelist
EHMEF.TO,goeasy,not-in-whitelist
EIAD.HE,Elisa,not-in-whitelist
EIF.TO,Exchange Income Corp,not-in-whitelist
EJFA.TA,Pagaya Technologies,not-in-whitelist
EKIP.PA,Ekinops,not-in-whitelist
ELBM.TO,Electra Battery Materials,not-in-whitelist
ELD.TO,Eldorado Gold,not-in-whitelist
ELECP.PA,Electricite de Strasbourg,not-in-whitelist
ELF.TO,E-L Financial,not-in-whitelist
ELIORP.PA,Elior Group,not-in-whitelist
ELISP.PA,Elis,not-in-whitelist
ELM.L,Elementis,not-in-whitelist
ELO.TO,Eloro Resources,not-in-whitelist
ELP.PA,EssilorLuxottica,not-in-whitelist
ELTK.TA,Eltek,not-in-whitelist
ELVA.TO,Electrovaya,not-in-whitelist
EMA.TO,Emera,not-in-whitelist
EMHL.AX,European Metals Holdings,not-in-whitelist
EMMNS.SW,Emmi,not-in-whitelist
EMPA.TO,Empire Co,not-in-whitelist
EMSNS.SW,EMS-Chemie,not-in-whitelist
EMX.TO,EMX Royalty,not-in-whitelist
ENB.TO,Enbridge,not-in-whitelist
ENCUF.TO,Encore Energy,not-in-whitelist
ENGH.TO,Enghouse Systems,not-in-whitelist
ENGIP.PA,Engie,not-in-whitelist
ENGMF.TO,Enthusiast Gaming,not-in-whitelist
ENLT.TA,Enlight Renewable Energy,not-in-whitelist
ENLV.TA,Enlivex Therapeutics,not-in-whitelist
ENOG.L,Energean,not-in-whitelist
ENP.PA,Bouygues,not-in-whitelist
ENQ.L,EnQuest,not-in-whitelist
ENTX.TA,Entera Bio,not-in-whitelist
ENURD.HE,Stora Enso,not-in-whitelist
EOP.PA,Forvia,not-in-whitelist
EPIX.TO,Essa Pharma,not-in-whitelist
EPRX.TO,Eupraxia Pharmaceuticals,not-in-whitelist
EPSN.TO,Epsilon Energy,not-in-whitelist
EQB.TO,EQB,not-in-whitelist
EQSP.PA,Equasens,not-in-whitelist
EQTL.IR,EQTEC,not-in-whitelist
EQX.TO,Equinox Gold,not-in-whitelist
ERAP.PA,Eramet,not-in-whitelist
ERCBD.ST,Telefonaktiebolaget LM Ericsson,not-in-whitelist
ERD.TO,Erdene Resource Development,not-in-whitelist
ERFP.PA,Eurofins Scientific,not-in-whitelist
ERIS.L,Zinnwald Lithium,not-in-whitelist
ERO.TO,ERO Copper,not-in-whitelist
ESI.TO,Ensign Energy Services,not-in-whitelist
ESL.L,Logistics Development Group,not-in-whitelist
ESLT.TA,Elbit Systems,not-in-whitelist
ESP.PA,Esso SA Francaise,not-in-whitelist
ESP.L,Empiric Student Property,not-in-whitelist
ET.TO,Evertz Technologies,not-in-whitelist
ETG.TO,Entree Resources,not-in-whitelist
ETLP.PA,Eutelsat Communications,not-in-whitelist
ETN.IR,Eaton,not-in-whitelist
ETOLF.TO,Enterprise Group,not-in-whitelist
ETS.VI,Eurotelesites,not-in-whitelist
EUA.L,Eurasia Mining,not-in-whitelist
EUSG.IR,Ads-Tec Energy,not-in-whitelist
EVES.SW,Evolva,not-in-whitelist
EVGN.TA,Evogene,not-in-whitelist
EVN.VI,EVN,not-in-whitelist
EVR.L,Evraz,not-in-whitelist
EWI.L,Edinburgh Worldwide Investment Trust,not-in-whitelist
EXACP.PA,Exacompta Clairefontaine,not-in-whitelist
EXAP.PA,Exail Technologies,not-in-whitelist
EXE.TO,Extendicare,not-in-whitelist
EXENSP.PA,Exosens,not-in-whitelist
EXEP.PA,Exel Industries,not-in-whitelist
EXK.TO,Endeavour Silver,not-in-whitelist
EXNP.PA,Exclusive Networks,not-in-whitelist
EXPN.L,Experian,not-in-whitelist
EXRO.TO,Exro Technologies,not-in-whitelist
EZJ.L,easyJet,not-in-whitelist
FAAD.VI,Fabasoft,not-in-whitelist
FACC.VI,FACC,not-in-whitelist
FALGP.PA,Fermentalg,not-in-whitelist
FAN.L,Volution,not-in-whitelist
FAR.PA,Foraco International,not-in-whitelist
FC.TO,Firm Capital Mortgage Investment,not-in-whitelist
FCIT.L,F&C Investment Trust,not-in-whitelist
FCSS.L,Fidelity China Special Situations,not-in-whitelist
FDEP.PA,La Francaise De L'energie SACA,not-in-whitelist
FDEV.L,Frontier Developments,not-in-whitelist
FDJP.PA,FDJ United,not-in-whitelist
FDY.TO,Faraday Copper,not-in-whitelist
FEC.TO,Frontera Energy,not-in-whitelist
FENC.TO,Fennec Pharmaceuticals,not-in-whitelist
FEV.L,Fidelity European Trust,not-in-whitelist
FEVR.L,Fevertree Drinks,not-in-whitelist
FF.TO,First Mining Gold,not-in-whitelist
FFH.TO,Fairfax Financial,not-in-whitelist
FFM.AX,FireFly Metals,not-in-whitelist
FFUCF.TO,F4 Uranium,not-in-whitelist
FGP.L,Firstgroup,not-in-whitelist
FGRP.PA,Eiffage,not-in-whitelist
FGT.L,Finsbury Growth & Income Trust,not-in-whitelist
FHZNS.SW,Flughafen Zurich,not-in-whitelist
FIAC.TO,DevvStream,not-in-whitelist
FIH.L,FIH Group,not-in-whitelist
FIHU.TO,Fairfax India,not-in-whitelist
FIIP.PA,LISI,not-in-whitelist
FINS.SW,Georg Fischer,not-in-whitelist
FJKD.T,Fujikura,not-in-whitelist
FJZD.SS,Zijin Mining Group,not-in-whitelist
FLEX.SI,Flex,not-in-whitelist
FLGC.TO,Flora Growth,not-in-whitelist
FLTRL.IR,Flutter Entertainment,not-in-whitelist
FLUT.IR,Flutter Entertainment,not-in-whitelist
FLYP.PA,Societe Fonciere Lyonnaise,not-in-whitelist
FM.TO,First Quantum Minerals,not-in-whitelist
FMST.TO,Foremost Clean Energy Ltd,not-in-whitelist
FMVD.TO,First Majestic Silver,not-in-whitelist
FN.TO,First National Financial,not-in-whitelist
FNACP.PA,Fnac Darty,not-in-whitelist
FNV.TO,Franco-Nevada,not-in-whitelist
FOM.TO,Foran Mining,not-in-whitelist
FOOD.TO,Goodfood Market,not-in-whitelist
FORA.TO,VerticalScope,not-in-whitelist
FORNS.SW,Forbo,not-in-whitelist
FORSEP.PA,Forsee Power,not-in-whitelist
FORT.L,Forterra,not-in-whitelist
FOTD.HE,Fortum,not-in-whitelist
FOUR.L,4imprint,not-in-whitelist
FOX.L,Eco Buildings Group,not-in-whitelist
FOXT.L,Foxtons,not-in-whitelist
FPP.PA,TotalEnergies,not-in-whitelist
FQTD.VI,Frequentis,not-in-whitelist
FQVLF.TO,First Quantum Minerals,not-in-whitelist
FR.TO,First Majestic Silver,not-in-whitelist
FRES.L,Fresnillo,not-in-whitelist
FRFHF.TO,Fairfax Financial Holdings,not-in-whitelist
FROG.TA,JFrog,not-in-whitelist
FRP.PA,Valeo,not-in-whitelist
FRT,Federal Realty Investment Trust,not-in-whitelist
FRU.TO,Freehold Royalties,not-in-whitelist
FRYAD.ST,Swedbank,not-in-whitelist
FSJ.L,James Fisher & Sons,not-in-whitelist
FSM.TO,Fortuna Mining,not-in-whitelist
FSTA.L,Fuller Smith & Turner,not-in-whitelist
FSV.TO,FirstService,not-in-whitelist
FSV.L,Fidelity Special Values,not-in-whitelist
FSY.TO,Forsys Metals,not-in-whitelist
FSZ.TO,Fiera Capital,not-in-whitelist
FTG.TO,Firan Technology,not-in-whitelist
FTHWF.TO,Field Trip Health & Wellness,not-in-whitelist
FTS.TO,Fortis,not-in-whitelist
FTT.TO,Finning International,not-in-whitelist
FUCD.T,FANUC,not-in-whitelist
FUM.L,Futura Medical,not-in-whitelist
FURY.TO,Fury Gold Mines,not-in-whitelist
FUTR.L,Future,not-in-whitelist
FUUFF.TO,F3 Uranium,not-in-whitelist
FVI.TO,Fortuna Mining,not-in-whitelist
FVJD.AX,Fortescue,not-in-whitelist
FVL.TO,Freegold Ventures,not-in-whitelist
FVRR.TA,Fiverr International,not-in-whitelist
FWONA,Liberty Media (Series A),not-in-whitelist
FWONK,Liberty Media (Series C),not-in-whitelist
FXPO.L,Ferrexpo,not-in-whitelist
FZMD.SS,ZTE,not-in-whitelist
GALDS.SW,Galderma Group,not-in-whitelist
GALES.SW,Galenica,not-in-whitelist
GAMA.L,Gamma Communications,not-in-whitelist
GATGP.PA,Catana Group,not-in-whitelist
GAU.TO,Galiano Gold,not-in-whitelist
GAUZ.TA,Gauzy,not-in-whitelist
GAVS.SW,Carlo Gavazzi,not-in-whitelist
GAW.L,Games Workshop,not-in-whitelist
GBDC,Golub Capital BDC,not-in-whitelist
GBG.L,GB Group,not-in-whitelist
GBT.TO,BMTC Group,not-in-whitelist
GBTP.PA,Guerbet,not-in-whitelist
GCGA.TO,Guardian Capital,not-in-whitelist
GCL.TO,Colabor Group,not-in-whitelist
GDI.TO,GDI Integrated Facility Services,not-in-whitelist
GDL.TO,Goodfellow,not-in-whitelist
GDR.L,Genedrive,not-in-whitelist
GEBNS.SW,Geberit,not-in-whitelist
GECPP.PA,GECI International,not-in-whitelist
GEI.TO,Gibson Energy,not-in-whitelist
GELN.L,Gelion,not-in-whitelist
GELS.AX,Gelteq,not-in-whitelist
GENM.TO,Generation Mining,not-in-whitelist
GETP.PA,Getlink,not-in-whitelist
GFCP.PA,Gecina,not-in-whitelist
GFIN.L,Gfinity,not-in-whitelist
GFL.TO,GFL Environmental,not-in-whitelist
GFP.TO,GreenFirst Forest Products,not-in-whitelist
GFR.TO,Greenfire Resources,not-in-whitelist
GFRD.L,Galliford Try,not-in-whitelist
GFTUL.IR,Grafton Group,not-in-whitelist
GGD.TO,GoGold Resources,not-in-whitelist
GGPL.AX,Greatland Resources,not-in-whitelist
GH.TO,Gamehost,not-in-whitelist
GHRS.IR,GH Research,not-in-whitelist
GIB.TO,CGI,not-in-whitelist
GIBA.TO,CGI,not-in-whitelist
GIGM.SI,GigaMedia,not-in-whitelist
GIL.TO,Gildan Activewear,not-in-whitelist
GILD.L,Defence Holdings,not-in-whitelist
GILT.TA,Gilat Satellite Networks,not-in-whitelist
GIVNS.SW,Givaudan,not-in-whitelist
GLASF.TO,Glass House Brands,not-in-whitelist
GLATF.TO,Global Atomic,not-in-whitelist
GLBE.TA,Global-e Online,not-in-whitelist
GLBL.IR,Glanbia,not-in-whitelist
GLDFF.TO,Chalice Brands,not-in-whitelist
GLDG.TO,GoldMining,not-in-whitelist
GLEP.PA,Societe Generale,not-in-whitelist
GLO.TO,Global Atomic,not-in-whitelist
GLOP.PA,GL Events,not-in-whitelist
GMET.L,Guardian Metal Resources,not-in-whitelist
GMIN.TO,G Mining Ventures,not-in-whitelist
GMIS.SW,Groupe Minoteries,not-in-whitelist
GMNG.TO,Vertiqal Studios,not-in-whitelist
GMR.L,Gaming Realms,not-in-whitelist
GMS.L,Gulf Marine Services,not-in-whitelist
GMX.TO,Globex Mining Enterprises,not-in-whitelist
GNCL.IR,Greencore,not-in-whitelist
GNFTP.PA,Genfit,not-in-whitelist
GNS.SI,Genius Group,not-in-whitelist
GOLD.TO,Barrick Mining,not-in-whitelist
GOOS.TO,Canada Goose,not-in-whitelist
GP.TO,GreenPower Motor,not-in-whitelist
GPL.L,Solvonis Therapeutics,not-in-whitelist
GPOR.L,Great Portland Estates,not-in-whitelist
GRA.TO,NanoXplore,not-in-whitelist
GRGD.TO,Groupe Dynamite,not-in-whitelist
GRG.L,Greggs,not-in-whitelist
GRID.L,Gresham House Energy Storage Fund,not-in-whitelist
GRI.L,Grainger,not-in-whitelist
GRKPS.SW,Graubuendner Kantonalbank,not-in-whitelist
GRMN.SW,Garmin,not-in-whitelist
GRN.TO,Greenlane Renewables,not-in-whitelist
GRO.TO,Brazil Potash,not-in-whitelist
GROW.L,Molten Ventures,not-in-whitelist
GROY.TO,Gold Royalty,not-in-whitelist
GRPL.IR,Greencoat Renewables,not-in-whitelist
GRVD.SS,Great Wall Motor,not-in-whitelist
GRVOP.PA,Graines Voltz,not-in-whitelist
GSBD,Goldman Sachs BDC,not-in-whitelist
GSF.L,Gore Street Energy Storage Fund,not-in-whitelist
GSK.L,GSK,not-in-whitelist
GSY.TO,goeasy,not-in-whitelist
GTBIF.TO,Green Thumb Industries,not-in-whitelist
GTTP.PA,Gaztransport Et Technigaz,not-in-whitelist
GTWO.TO,G2 Goldfields,not-in-whitelist
GUD.TO,Knight Therapeutics,not-in-whitelist
GUIP.PA,Guillemot,not-in-whitelist
GURU.TO,GURU Organic Energy,not-in-whitelist
GWMOL.IR,Great Western Mining Corp,not-in-whitelist
GWO.TO,Great-West Lifeco,not-in-whitelist
GYM.L,Gym Group,not-in-whitelist
H.TO,Hydro One,not-in-whitelist
HAFN.SI,Hafnia,not-in-whitelist
HAI.TO,Haivision Systems,not-in-whitelist
HAS.L,Hays,not-in-whitelist
HAYD.L,Haydale Graphene Industries,not-in-whitelist
HBM.TO,Hudbay Minerals,not-in-whitelist
HCANF.TO,Halo Collective,not-in-whitelist
HCCC.TA,Alpha Tau Medical,not-in-whitelist
HCCH.IR,Fusion Fuel Green,not-in-whitelist
HCOP.PA,HighCo,not-in-whitelist
HDFP.PA,Hydrogene de France,not-in-whitelist
HEAD.L,Headlam,not-in-whitelist
HELNS.SW,Helvetia,not-in-whitelist
HEMO.L,Hemogenyx Pharmaceuticals,not-in-whitelist
HEX.L,Helix Exploration,not-in-whitelist
HFD.L,Halfords,not-in-whitelist
HFG.L,Hilton Food Group,not-in-whitelist
HFPCU.TO,Helios Fairfax Partners,not-in-whitelist
HGEN.L,Hydrogen Capital Growth,not-in-whitelist
HGT.L,HgCapital Trust,not-in-whitelist
HICL.L,Hicl Infrastructure,not-in-whitelist
HIK.L,Hikma Pharmaceuticals,not-in-whitelist
HITIF.TO,High Tide,not-in-whitelist
HLF.TO,High Liner Foods,not-in-whitelist
HLMA.L,Halma,not-in-whitelist
HLN.L,Haleon,not-in-whitelist
HLS.TO,HLS Therapeutics,not-in-whitelist
HMMA.TO,Hammond Manufacturing,not-in-whitelist
HMSBD.ST,H&M Hennes & Mauritz,not-in-whitelist
HMSO.L,Hammerson,not-in-whitelist
HOC.L,Hochschild Mining,not-in-whitelist
HOP.PA,Thales,not-in-whitelist
HPSA.TO,Hammond Power Solutions,not-in-whitelist
HRI.L,Herald Investment Trust,not-in-whitelist
HSBA.L,HSBC,not-in-whitelist
HSS.L,HSS Hire,not-in-whitelist
HSW.L,Hostelworld,not-in-whitelist
HTG.L,Hunting,not-in-whitelist
HUGE.TO,Quantum BioPharma,not-in-whitelist
HUI.L,Hydrogen Utopia International,not-in-whitelist
HUKID.HE,Huhtamaki,not-in-whitelist
HUW.L,Helios Underwriting,not-in-whitelist
HVBTF.TO,Hive Digital Technologies Ltd,not-in-whitelist
HWDN.L,Howden Joinery,not-in-whitelist
HWO.TO,High Arctic Energy Services,not-in-whitelist
HWX.TO,Headwater Exploration,not-in-whitelist
HXGD.ST,Hexagon,not-in-whitelist
I2POP.PA,Deezer,not-in-whitelist
IACA.TA,Taboola.com,not-in-whitelist
IAG.TO,iA Financial Corp,not-in-whitelist
IALD.TO,IAMGOLD,not-in-whitelist
IAU.TO,i-80 Gold,not-in-whitelist
IAUX.TO,i-80 Gold,not-in-whitelist
IBST.L,Ibstock,not-in-whitelist
IBSU.L,Kelso Group,not-in-whitelist
ICADP.PA,ICADE,not-in-whitelist
ICCM.TA,Icecure Medical,not-in-whitelist
ICGT.L,ICG Enterprise Trust,not-in-whitelist
ICKD.SS,Industrial & Commercial Bank of China,not-in-whitelist
ICL.TA,ICL Group,not-in-whitelist
ICLR.IR,ICON,not-in-whitelist
ICMB,Investcorp Credit Management BDC,not-in-whitelist
ICON.L,Iconic Labs,not-in-whitelist
ICP.L,ICG,not-in-whitelist
IDE.L,Tialis Essential IT,not-in-whitelist
IDIAS.SW,Idorsia,not-in-whitelist
IDLP.PA,ID Logistics Group,not-in-whitelist
IEM.L,Impax Environmental Markets,not-in-whitelist
IES.L,Invinity Energy Systems,not-in-whitelist
IFC.TO,Intact Financial Corp,not-in-whitelist
IFP.TO,Interfor,not-in-whitelist
IGAS.L,Star Energy Group PLC,not-in-whitelist
IGC.L,India Capital Growth Fund,not-in-whitelist
IGG.L,IG Group,not-in-whitelist
IGM.TO,IGM Financial,not-in-whitelist
IHG.L,InterContinental Hotels,not-in-whitelist
IHP.L,IntegraFin,not-in-whitelist
III.TO,Imperial Metals,not-in-whitelist
III.L,3i Group,not-in-whitelist
IINN.TA,Inspira Technologies Oxy BHN,not-in-whitelist
IKA.L,Ilika,not-in-whitelist
ILLM.TO,Illumin Holdings,not-in-whitelist
IMAX.TO,IMAX,not-in-whitelist
IMB.L,Imperial Brands,not-in-whitelist
IMCC.TO,IM Cannabis,not-in-whitelist
IMG.TO,IAMGOLD,not-in-whitelist
IMO.TO,Imperial Oil,not-in-whitelist
IMP.TO,Intermap Technologies,not-in-whitelist
IMTE.AX,Integrated Media Technology,not-in-whitelist
IMV.TO,IMV,not-in-whitelist
INCH.L,Inchcape,not-in-whitelist
INF.L,Informa,not-in-whitelist
INFP.PA,Infotel,not-in-whitelist
INM.TO,InMed Pharmaceuticals,not-in-whitelist
INMD.TA,Inmode,not-in-whitelist
INPP.L,International Public Partnerships,not-in-whitelist
INRNS.SW,Interroll,not-in-whitelist
INVP.L,Investec,not-in-whitelist
IOCD.T,ITOCHU,not-in-whitelist
IOG.L,IOG,not-in-whitelist
IOM.L,iomart,not-in-whitelist
IPA.TO,ImmunoPrecise Antibodies,not-in-whitelist
IPCO.TO,International Petroleum,not-in-whitelist
IPHBD.JO,Impala Platinum,not-in-whitelist
IPHP.PA,Innate Pharma,not-in-whitelist
IPNFF.TO,ImagineAR,not-in-whitelist
IPNP.PA,Ipsen,not-in-whitelist
IPO.TO,InPlay Oil,not-in-whitelist
IPO.L,IP Group,not-in-whitelist
IPSP.PA,Ipsos,not-in-whitelist
IPX.L,Impax Asset Management,not-in-whitelist
IQE.L,IQE,not-in-whitelist
IREN.AX,IREN,not-in-whitelist
IRRL.AX,Atlantic Lithium,not-in-whitelist
IS.TO,Infrastructure Dividend Split Corp,not-in-whitelist
ISENF.TO,IsoEnergy,not-in-whitelist
ISNS.SW,Intershop,not-in-whitelist
ISO.TO,IsoEnergy,not-in-whitelist
ISV.TO,Information Services,not-in-whitelist
ITAC.TA,Arbe Robotics,not-in-whitelist
ITH.L,Ithaca Energy,not-in-whitelist
ITM.L,ITM Power,not-in-whitelist
ITPP.PA,Interparfums,not-in-whitelist
ITRG.TO,Integra Resources,not-in-whitelist
ITRK.L,Intertek,not-in-whitelist
ITRM.IR,Iterum Therapeutics,not-in-whitelist
ITRN.TA,Ituran Location and Control,not-in-whitelist
ITV.L,ITV,not-in-whitelist
ITX.L,Itaconix,not-in-whitelist
IVAP.PA,Inventiva,not-in-whitelist
IVN.TO,Ivanhoe Mines,not-in-whitelist
IVPG.L,Invesco Global Equity Income Trust,not-in-whitelist
IVSD.ST,Investor,not-in-whitelist
JAG.TO,Jaguar Mining,not-in-whitelist
JAM.L,JPMorgan American Investment Trust,not-in-whitelist
JAPD.T,Central Japan Railway Co,not-in-whitelist
JATD.T,Japan Tobacco,not-in-whitelist
JAY.L,80 Mile PLC,not-in-whitelist
JAZZ.IR,Jazz Pharmaceuticals,not-in-whitelist
JCGI.L,JPMorgan China Growth & Income,not-in-whitelist
JCI.IR,Johnson Controls International,not-in-whitelist
JCQP.PA,Jacquet Metals,not-in-whitelist
JD.L,JD Sports Fashion,not-in-whitelist
JDW.L,J D Wetherspoon,not-in-whitelist
JE.TO,Just Energy,not-in-whitelist
JEGI.L,JPMorgan European Growth & Income,not-in-whitelist
JEMI.L,JPMorgan Global Emerging Markets Income Trust,not-in-whitelist
JEPD.OL,Salmar,not-in-whitelist
JFBR.TA,Jeffs Brands,not-in-whitelist
JFK.SI,EQONEX,not-in-whitelist
JFNS.SW,Jungfraubahn,not-in-whitelist
JGGI.L,JPMorgan Global Growth & Income,not-in-whitelist
JHX.IR,James Hardie Industries,not-in-whitelist
JII.L,JPMorgan Indian Investment Trust,not-in-whitelist
JIXD.SS,Jiangxi Copper,not-in-whitelist
JLP.L,Jubilee Metals,not-in-whitelist
JMAT.L,Johnson Matthey,not-in-whitelist
JMG.L,JPMorgan Emerging Markets Investment Trust,not-in-whitelist
JOG.L,Jersey Oil & Gas,not-in-whitelist
JOUL.L,Joules,not-in-whitelist
JOY.TO,Journey Energy,not-in-whitelist
JRNGF.TO,Journey Energy,not-in-whitelist
JUP.L,Jupiter Fund Management,not-in-whitelist
JUSHF.TO,Jushi,not-in-whitelist
JWEL.TO,Jamieson Wellness,not-in-whitelist
K.TO,Kinross Gold,not-in-whitelist
KARO.SI,Karooooo,not-in-whitelist
KBDC,Kayne Anderson BDC,not-in-whitelist
KBL.TO,K-Bro Linen,not-in-whitelist
KDNC.L,Cadence Minerals,not-in-whitelist
KEC.TO,Kiwetinohk Energy,not-in-whitelist
KEED.T,Keyence,not-in-whitelist
KEFI.L,Kefi Gold and Copper,not-in-whitelist
KEI.TO,Kolibri Global Energy,not-in-whitelist
KEKD.HE,Kesko,not-in-whitelist
KEL.TO,Kelt Exploration,not-in-whitelist
KEMD.HE,Kemira,not-in-whitelist
KEN.SI,Kenon,not-in-whitelist
KERP.PA,Kering,not-in-whitelist
KEY.TO,Keyera,not-in-whitelist
KGC.TO,Kinross Gold,not-in-whitelist
KGEI.TO,Kolibri Global Energy,not-in-whitelist
KGF.L,Kingfisher,not-in-whitelist
KGP.IR,Kingspan,not-in-whitelist
KHED.T,Kawasaki Heavy Industries,not-in-whitelist
KIE.L,Kier,not-in-whitelist
KIST.L,Kistos Holdings,not-in-whitelist
KITS.TO,KITS Eyecare,not-in-whitelist
KITW.L,Kitwave,not-in-whitelist
KMDA.TA,Kamada,not-in-whitelist
KMRL.IR,Kenmare Resources,not-in-whitelist
KNB.L,Kanabo,not-in-whitelist
KNINS.SW,Kuehne + Nagel International,not-in-whitelist
KNOS.L,Kainos,not-in-whitelist
KNT.TO,K92 Mining,not-in-whitelist
KOAD.T,Konami,not-in-whitelist
KOD.L,Kodal Minerals,not-in-whitelist
KOFP.PA,Kaufman & Broad,not-in-whitelist
KOO.L,Kooth,not-in-whitelist
KOZD.OL,Kongsberg Gruppen,not-in-whitelist
KPT.TO,KP Tissue,not-in-whitelist
KRKNF.TO,Kraken Robotics,not-in-whitelist
KRNT.TA,Kornit Digital,not-in-whitelist
KRR.TO,Karora Resources,not-in-whitelist
KSI.TO,kneat.com,not-in-whitelist
KXS.TO,Kinaxis,not-in-whitelist
L.TO,Loblaw Cos,not-in-whitelist
LABS.TO,MediPharm Labs,not-in-whitelist
LAC.SW,Lithium Argentina,not-in-whitelist
LAC.TO,Lithium Americas,not-in-whitelist
LACRP.PA,Lacroix Group,not-in-whitelist
LACW.TO,Lithium Americas,not-in-whitelist
LAM.TO,Laramide Resources,not-in-whitelist
LAND.L,Land Securities,not-in-whitelist
LANDS.SW,Landis+Gyr,not-in-whitelist
LASA.TO,Lassonde Industries,not-in-whitelist
LB.TO,Laurentian Bank of Canada,not-in-whitelist
LBIRDP.PA,Lumibird,not-in-whitelist
LBRDK,Liberty Broadband (Series C),not-in-whitelist
LCFS.TO,Tidewater Renewables,not-in-whitelist
LECNS.SW,Leclanche,not-in-whitelist
LEEEF.TO,Leef Brands,not-in-whitelist
LEHNS.SW,LEM,not-in-whitelist
LEONS.SW,Leonteq,not-in-whitelist
LEV.TO,Lion Electric,not-in-whitelist
LGD.TO,Liberty Gold,not-in-whitelist
LGDTF.TO,Liberty Gold,not-in-whitelist
LGEN.L,Legal & General,not-in-whitelist
LGO.TO,Largo,not-in-whitelist
LGPS.T,LogProstyle,not-in-whitelist
LGVC.TA,HOLDCO NUVO GROUP DG,not-in-whitelist
LHLD.HK,Lenovo Group,not-in-whitelist
LHNS.SW,Holcim,not-in-whitelist
LHYFEP.PA,Lhyfe,not-in-whitelist
LIACF.TO,American Lithium,not-in-whitelist
LIF.TO,Labrador Iron Ore Royalty,not-in-whitelist
LIFZF.TO,Labrador Iron Ore Royalty,not-in-whitelist
LIN.IR,Linde,not-in-whitelist
LIND.IR,Linde,not-in-whitelist
LINP.PA,Linedata Services,not-in-whitelist
LIO.L,Liontrust Asset Management,not-in-whitelist
LION.IR,SMX Security Matters,not-in-whitelist
LIP.PA,Klepierre,not-in-whitelist
LIRC.TO,Lithium Royalty,not-in-whitelist
LISNS.SW,Chocoladefabriken Lindt & Spruengli,not-in-whitelist
LITL.AX,Litigation Capital Management,not-in-whitelist
LITM.TO,Snow Lake Resources,not-in-whitelist
LITOF.TO,Frontier Lithium,not-in-whitelist
LLKKF.AX,Lake Resources,not-in-whitelist
LLOY.L,Lloyds Banking Group,not-in-whitelist
LMP.L,LondonMetric Property,not-in-whitelist
LNAP.PA,LNA Sante,not-in-whitelist
LNF.TO,Leon's Furniture,not-in-whitelist
LNR.TO,Linamar,not-in-whitelist
LOGI.SW,Logitech International,not-in-whitelist
LOGNS.SW,Logitech International,not-in-whitelist
LONNS.SW,Lonza,not-in-whitelist
LORL.TO,Telesat,not-in-whitelist
LOUPP.PA,Societe LDC,not-in-whitelist
LPEP.PA,Laurent-Perrier,not-in-whitelist
LRP.PA,Legrand,not-in-whitelist
LSDI.TO,Lucy Scientific Discovery,not-in-whitelist
LSE.L,London Stock Exchange Group,not-in-whitelist
LSPD.TO,Lightspeed Commerce,not-in-whitelist
LSSP.PA,Lectra,not-in-whitelist
LTI.L,Lindsell Train Investment Trust,not-in-whitelist
LTMCF.TO,Lithium Chile,not-in-whitelist
LUC.TO,Lucara Diamond,not-in-whitelist
LUCE.L,Luceco,not-in-whitelist
LUG.TO,Lundin Gold,not-in-whitelist
LUN.TO,Lundin Mining,not-in-whitelist
LUNMF.TO,Lundin Mining,not-in-whitelist
LWBD.AX,Mesoblast,not-in-whitelist
LWI.L,Lowland Investment Company,not-in-whitelist
LYID.AX,Lynas Rare Earths,not-in-whitelist
MAATP.PA,MaaT Pharma,not-in-whitelist
MAB.L,Mitchells & Butlers,not-in-whitelist
MAG.TO,MAG Silver,not-in-whitelist
MAGS.TO,Senstar Technologies,not-in-whitelist
MAL.TO,Magellan Aerospace,not-in-whitelist
MARAD.T,Marubeni,not-in-whitelist
MARI.TO,Marimaca Copper,not-in-whitelist
MARS.L,Marston's,not-in-whitelist
MAST.L,Mast Energy Developments,not-in-whitelist
MATR.TO,Mattr,not-in-whitelist
MAUP.PA,Etablissements Maurel et Prom,not-in-whitelist
MAUTF.TO,Montage Gold,not-in-whitelist
MAXN.SI,Maxeon Solar Technologies,not-in-whitelist
MBID.T,Mitsubishi,not-in-whitelist
MBTNS.SW,Meyer Burger Technology,not-in-whitelist
MBWSP.PA,Marie Brizard Wine & Spirits,not-in-whitelist
MCB.TO,McCoy Global,not-in-whitelist
MCB.L,McBride,not-in-whitelist
MCHNS.SW,MCH Group,not-in-whitelist
MCP.PA,LVMH Moet Hennessy Louis Vuitton,not-in-whitelist
MCPHYP.PA,McPhy Energy,not-in-whitelist
MDA.TO,MDA Space,not-in-whitelist
MDCX.TO,Medicus Pharma,not-in-whitelist
MDI.TO,Major Drilling Group International,not-in-whitelist
MDMP.PA,Maisons du Monde,not-in-whitelist
MDNA.TO,Medicenna Therapeutics,not-in-whitelist
MDP.TO,Medexus Pharmaceuticals,not-in-whitelist
MDT.IR,Medtronic,not-in-whitelist
MDWD.TA,MediWound,not-in-whitelist
ME.TO,STLLR Gold,not-in-whitelist
MEDCLP.PA,Medincell,not-in-whitelist
MEDIF.TO,MediPharm Labs,not-in-whitelist
MEDS.SW,Medartis,not-in-whitelist
MEG.TO,MEG Energy Corp,not-in-whitelist
MEMSP.PA,Memscap,not-in-whitelist
MEOH.TO,Methanex,not-in-whitelist
MEQ.TO,Mainstreet Equity,not-in-whitelist
MERYP.PA,Mercialys,not-in-whitelist
MET1.L,Metals One,not-in-whitelist
METNS.SW,Metall Zug,not-in-whitelist
MFC.TO,Manulife Financial Corp,not-in-whitelist
MFI.TO,Maple Leaf Foods,not-in-whitelist
MFP.PA,Wendel,not-in-whitelist
MG.TO,Magna International,not-in-whitelist
MGA.TO,Magna International,not-in-whitelist
MGAM.L,Morgan Advanced Materials,not-in-whitelist
MGIC.TA,Magic Software Enterprises,not-in-whitelist
MGMNF.TO,Magna Mining,not-in-whitelist
MGNS.L,Morgan Sindall,not-in-whitelist
MHA.L,MHA,not-in-whitelist
MHVYF.T,Mitsubishi Heavy Industries,not-in-whitelist
MIHD.T,Mitsubishi Heavy Industries,not-in-whitelist
MIKNS.SW,Mikron Holding,not-in-whitelist
MILAD.T,Mitsui OSK Lines,not-in-whitelist
MIST.TO,Milestone Pharmaceuticals,not-in-whitelist
MITT,AG Mortgage Investment Trust,not-in-whitelist
MJARF.TO,MJardin,not-in-whitelist
MKEAP.PA,Mauna Kea Technologies,not-in-whitelist
MKP.TO,MCAN Mortgage,not-in-whitelist
MKS.L,Marks & Spencer,not-in-whitelist
MLAAP.PA,L Agence Automobiliere,not-in-whitelist
MLAIRP.PA,Groupe Airwell,not-in-whitelist
MLBMDP.SW,Swissnet,not-in-whitelist
MLP.PA,Cie Generale des Etablissements Michelin,not-in-whitelist
MLPAPP.PA,Versity,not-in-whitelist
MLSFIP.PA,Metavisio,not-in-whitelist
MLWIZP.PA,Wiziboat,not-in-whitelist
MMBP.PA,Lagardere,not-in-whitelist
MMIT.L,Mobius Investment Trust,not-in-whitelist
MMOD.T,Mitsubishi Motors,not-in-whitelist
MMTP.PA,Metropole Television,not-in-whitelist
MND.TO,Mandalay Resources,not-in-whitelist
MNDI.L,Mondi,not-in-whitelist
MNDO.TA,Mind CTI,not-in-whitelist
MNDY.TA,Monday.com,not-in-whitelist
MNG.L,M&G,not-in-whitelist
MNKS.L,Monks Investment Trust,not-in-whitelist
MNMD.TO,Mind Medicine MindMed,not-in-whitelist
MODE.L,R8 Capital Investments,not-in-whitelist
MOGO.TO,Mogo,not-in-whitelist
MOGP.L,Hellenic Dynamics,not-in-whitelist
MONY.L,MONY Group,not-in-whitelist
MOON.L,Moonpig,not-in-whitelist
MPVD.TO,Mountain Province Diamonds,not-in-whitelist
MRC.TO,Morguard,not-in-whitelist
MRCH.L,Merchants Trust,not-in-whitelist
MRC.L,Mercantile Investment Trust,not-in-whitelist
MRD.TO,Melcor Developments,not-in-whitelist
MRE.TO,Martinrea International,not-in-whitelist
MRL.L,Marlowe,not-in-whitelist
MRNP.PA,Mersen,not-in-whitelist
MRO.L,Melrose Industries,not-in-whitelist
MRU.TO,Metro,not-in-whitelist
MSCL.TO,Satellos Bioscience,not-in-whitelist
MSLH.L,Marshalls,not-in-whitelist
MSMNL.AX,Mosman Oil & Gas,not-in-whitelist
MSYS.L,Metir,not-in-whitelist
MTA.TO,Metalla Royalty & Streaming,not-in-whitelist
MTAD.HE,Wartsila OYJ,not-in-whitelist
MTEK.TA,Maris Tech,not-in-whitelist
MTL.TO,Mullen Group,not-in-whitelist
MTO.L,Mitie Group,not-in-whitelist
MTRO.L,Metro Bank,not-in-whitelist
MTUP.PA,Manitou BF,not-in-whitelist
MTY.TO,MTY Food,not-in-whitelist
MURA.IR,Mural Oncology,not-in-whitelist
MUT.L,Murray Income Trust,not-in-whitelist
MWY.L,Mid Wynd International Investment Trust,not-in-whitelist
MX.TO,Methanex,not-in-whitelist
MXG.TO,Maxim Power,not-in-whitelist
MYI.L,Murray International Trust,not-in-whitelist
N91.L,Ninety One,not-in-whitelist
NA.TO,National Bank of Canada,not-in-whitelist
NACONP.PA,Nacon,not-in-whitelist
NAK.TO,Northern Dynasty Minerals,not-in-whitelist
NANO.TO,Nano One Materials,not-in-whitelist
NANOP.PA,Nanobiotix,not-in-whitelist
NAVF.L,Nippon Active Value Fund,not-in-whitelist
NAVYAP.PA,NAVYA,not-in-whitelist
NB.TO,NioCorp Developments,not-in-whitelist
NBRV.IR,Nabriva Therapeutics,not-in-whitelist
NCC.L,NCC Group,not-in-whitelist
NCYTL.PA,Novacyt,not-in-whitelist
NDM.TO,Northern Dynasty Minerals,not-in-whitelist
NEFD.HE,Neste,not-in-whitelist
NEND.T,Renesas Electronics,not-in-whitelist
NEO.TO,Neo Performance Materials,not-in-whitelist
NEPT.TO,Neptune Wellness Solutions,not-in-whitelist
NESNS.SW,Nestle,not-in-whitelist
NETC.AX,Vast Renewables,not-in-whitelist
NET.L,Netcall,not-in-whitelist
NEX.L,Mobico Group,not-in-whitelist
NEXP.PA,Nexans,not-in-whitelist
NEXT.TO,NextSource Materials,not-in-whitelist
NFGC.TO,New Found Gold,not-in-whitelist
NFI.TO,NFI Group,not-in-whitelist
NG.TO,Novagold Resources,not-in-whitelist
NGA.TO,Lion Electric,not-in-whitelist
NGD.TO,New Gold,not-in-whitelist
NGEX.TO,NGEx Minerals,not-in-whitelist
NG.L,National Grid,not-in-whitelist
NIQ.IR,NIQ Global Intelligence,not-in-whitelist
NJBD.ST,Nibe Industrier,not-in-whitelist
NKP.PA,Imerys,not-in-whitelist
NKTD.CO,NKT,not-in-whitelist
NLSP.SW,NLS Pharmaceutics,not-in-whitelist
NMGRF.TO,Nouveau Monde Graphite,not-in-whitelist
NNOMF.TO,Nano One Materials,not-in-whitelist
NNOX.TA,Nano-X Imaging,not-in-whitelist
NNXPF.TO,NanoXplore,not-in-whitelist
NOA.TO,North American Construction,not-in-whitelist
NOG.L,Nostrum Oil & Gas,not-in-whitelist
NOVCD.CO,Novo Nordisk,not-in-whitelist
NOVNS.SW,Novartis,not-in-whitelist
NOVT.TO,Novanta,not-in-whitelist
NPI.TO,Northland Power,not-in-whitelist
NPK.SI,Verde Agritech,not-in-whitelist
NPPTF.TO,Neptune Digital Assets,not-in-whitelist
NPSD.T,Nippon Steel,not-in-whitelist
NRGP.PA,NRJ Group,not-in-whitelist
NROP.PA,Neurones,not-in-whitelist
NRR.L,NewRiver REIT,not-in-whitelist
NRSN.TA,NeuroSense Therapeutics,not-in-whitelist
NTGP.PA,NetGem,not-in-whitelist
NTOD.T,Nintendo,not-in-whitelist
NTR.TO,Nutrien,not-in-whitelist
NUAG.TO,New Pacific Metals,not-in-whitelist
NUMI.TO,Numinus Wellness,not-in-whitelist
NVA.TO,NuVista Energy,not-in-whitelist
NVO.TO,Novo Resources,not-in-whitelist
NVT.IR,nVent Electric,not-in-whitelist
NWC.TO,North West Co,not-in-whitelist
NXE.TO,NexGen Energy,not-in-whitelist
NXIP.PA,Nexity,not-in-whitelist
NXT.L,Next,not-in-whitelist
OBD.L,Oxford BioDynamics,not-in-whitelist
OBE.TO,Obsidian Energy,not-in-whitelist
OBSNS.SW,ObsEva,not-in-whitelist
OCDO.L,Ocado,not-in-whitelist
OCKAD.TO,Hudbay Minerals,not-in-whitelist
OCTP.L,Oxford Cannabinoid Technologies,not-in-whitelist
ODD.TA,Oddity Tech,not-in-whitelist
ODETP.PA,Cie de L'Odet,not-in-whitelist
OERLS.SW,OC Oerlikon,not-in-whitelist
OFKD.HE,Orion,not-in-whitelist
OGC.TO,OceanaGold,not-in-whitelist
OGI.TO,Organigram Global,not-in-whitelist
OGLD,Golub Capital BDC,not-in-whitelist
OLA.TO,Orla Mining,not-in-whitelist
OLGP.PA,Eagle Football Group,not-in-whitelist
OLY.TO,Olympia Financial Group,not-in-whitelist
OMG.L,Oxford Metrics,not-in-whitelist
OMLL.JO,Old Mutual,not-in-whitelist
OMV.VI,OMV,not-in-whitelist
OMY.L,Synairgen,not-in-whitelist
ONC.TO,Oncolytics Biotech,not-in-whitelist
ONCY.TO,Oncolytics Biotech,not-in-whitelist
ONEX.TO,Onex,not-in-whitelist
ONON.SW,On,not-in-whitelist
ONT.L,Oxford Nanopore Technologies,not-in-whitelist
OPT.L,Optima Health,not-in-whitelist
OR.TO,OR Royalties,not-in-whitelist
ORAP.PA,Orange,not-in-whitelist
ORCP.L,Oracle Power,not-in-whitelist
ORE.TO,Orezone Gold,not-in-whitelist
OREAF.TO,Orea Mining,not-in-whitelist
OREGEP.PA,Orege,not-in-whitelist
ORIT.L,Octopus Renewables Infrastructure Trust,not-in-whitelist
ORP.PA,L'Oreal,not-in-whitelist
ORPH.L,hVIVO,not-in-whitelist
ORPP.PA,Emeis,not-in-whitelist
ORR.L,Oriole Resources,not-in-whitelist
OSB.L,OSB Group,not-in-whitelist
OSEP.PA,OSE Immuno,not-in-whitelist
OSMT.IR,RVL Pharmaceuticals,not-in-whitelist
OTB.L,On the Beach,not-in-whitelist
OTEX.TO,Open Text,not-in-whitelist
OVHP.PA,OVH Groupe,not-in-whitelist
OXB.L,Oxford Biomedica,not-in-whitelist
OXIG.L,Oxford Instruments,not-in-whitelist
PAAS.TO,Pan American Silver,not-in-whitelist
PAF.L,Pan African Resources,not-in-whitelist
PAGE.L,Pagegroup,not-in-whitelist
PAG.L,Paragon Banking,not-in-whitelist
PAL.VI,Palfinger,not-in-whitelist
PALAF1.AX,Paladin Energy,not-in-whitelist
PANR.L,Pantheon Resources,not-in-whitelist
PARROP.PA,Parrot,not-in-whitelist
PAY.L,PayPoint,not-in-whitelist
PBA.TO,Pembina Pipeline,not-in-whitelist
PBEE.L,Pensionbee,not-in-whitelist
PBH.TO,Premium Brands,not-in-whitelist
PBL.TO,Pollard Banknote,not-in-whitelist
PCT.L,Polar Capital Technology Trust,not-in-whitelist
PD.TO,Precision Drilling,not-in-whitelist
PDAC.TO,Li-Cycle,not-in-whitelist
PDN.AX,Paladin Energy,not-in-whitelist
PEA.TO,Cavvy Energy,not-in-whitelist
PERI.TA,Perion Network,not-in-whitelist
PERRP.PA,Gerard Perrier Industrie,not-in-whitelist
PET.TO,Pet Valu,not-in-whitelist
PETS.L,Pets at Home,not-in-whitelist
PEUGP.PA,Peugeot Invest,not-in-whitelist
PEY.TO,Peyto Exploration & Development,not-in-whitelist
PFC.L,Petrofac,not-in-whitelist
PFD.L,Premier Foods,not-in-whitelist
PGHNS.SW,Partners Group,not-in-whitelist
PHE.L,Powerhouse Energy,not-in-whitelist
PHI.L,Pacific Horizon Investment Trust,not-in-whitelist
PHNX.L,Phoenix,not-in-whitelist
PHP.L,Primary Health Properties,not-in-whitelist
PHX.TO,PHX Energy Services,not-in-whitelist
PHXMP.PA,PHAXIAM Therapeutics,not-in-whitelist
PIF.TO,Polaris Renewable Energy,not-in-whitelist
PIN.L,Pantheon International PLC,not-in-whitelist
PJXCD.SA,Petroleo Brasileiro,not-in-whitelist
PKI.TO,Parkland,not-in-whitelist
PKKFF.TO,Tenet Fintech,not-in-whitelist
PLANS.SW,Plazza,not-in-whitelist
PLG.TO,Platinum Group Metals,not-in-whitelist
PLNWP.PA,Planisware,not-in-whitelist
PLP.L,Genuit,not-in-whitelist
PLRD.AX,Pilbara Minerals,not-in-whitelist
PLRZ.TA,Polyrizon,not-in-whitelist
PLSRL.TO,Pulsar Helium,not-in-whitelist
PLUSL.TA,Plus500,not-in-whitelist
PMAG.VI,PIERER Mobility,not-in-whitelist
PMEC.SI,Primech,not-in-whitelist
PMET.TO,Patriot Battery Metals,not-in-whitelist
PMN.TO,ProMIS Neurosciences,not-in-whitelist
PMO.L,Harbour Energy,not-in-whitelist
PMT,PennyMac Mortgage Investment Trust,not-in-whitelist
PNDD.OL,Mowi,not-in-whitelist
PNE.TO,Pine Cliff Energy,not-in-whitelist
PNL.L,Personal Assets Trust,not-in-whitelist
PNN.L,Pennon,not-in-whitelist
PNP.TO,Pinetree Capital,not-in-whitelist
PNPNF.TO,Power Metallic Mines,not-in-whitelist
PNR.IR,Pentair,not-in-whitelist
PNRLF.TO,NexMetals Mining,not-in-whitelist
PODP.L,Pod Point,not-in-whitelist
POET.TO,POET Technologies,not-in-whitelist
POG.L,Petropavlovsk,not-in-whitelist
POLB.L,Poolbeg Pharma,not-in-whitelist
POLNS.SW,Spexis,not-in-whitelist
POLR.L,Polar Capital,not-in-whitelist
POLX.L,Polarean Imaging,not-in-whitelist
POMP.PA,Opmobility,not-in-whitelist
POS.VI,Porr,not-in-whitelist
POU.TO,Paramount Resources,not-in-whitelist
POW.TO,Power Corp of Canada,not-in-whitelist
POW.L,Power Metal Resources,not-in-whitelist
POXELP.PA,Poxel,not-in-whitelist
PPGNS.SW,PolyPeptide,not-in-whitelist
PPL.TO,Pembina Pipeline,not-in-whitelist
PPR.TO,Prairie Provident Resources,not-in-whitelist
PPTA.TO,Perpetua Resources,not-in-whitelist
PRB.TO,Probe Gold,not-in-whitelist
PRECP.PA,Precia,not-in-whitelist
PRE.L,Pensana,not-in-whitelist
PRFX.TA,PainReform,not-in-whitelist
PRGO.IR,Perrigo,not-in-whitelist
PRL.TO,Propel,not-in-whitelist
PRN.TO,Profound Medical,not-in-whitelist
PROF.TO,Profound Medical,not-in-whitelist
PRQ.TO,Petrus Resources,not-in-whitelist
PRTA.IR,Prothena,not-in-whitelist
PRTC.L,PureTech Health,not-in-whitelist
PRU.AX,Perseus Mining,not-in-whitelist
PRU.L,Prudential,not-in-whitelist
PRYM.TO,Prime Mining Corp,not-in-whitelist
PRZO.TA,ParaZero Technologies,not-in-whitelist
PSBD,Palmer Square Capital BDC,not-in-whitelist
PSD.TO,Pulse Seismic,not-in-whitelist
PSI.TO,Pason Systems,not-in-whitelist
PSK.TO,PrairieSky Royalty,not-in-whitelist
PSN.L,Persimmon,not-in-whitelist
PSON.L,Pearson,not-in-whitelist
PSPNS.SW,PSP Swiss Property,not-in-whitelist
PTALF.TO,PetroTal,not-in-whitelist
PTALL.TO,PetroTal,not-in-whitelist
PTHR.TO,New Horizon Aircraft Ltd,not-in-whitelist
PTM.TO,Platinum Group Metals,not-in-whitelist
PTSBL.IR,Permanent TSB Group,not-in-whitelist
PUBP.PA,Publicis Groupe,not-in-whitelist
PURP.L,Purplebricks,not-in-whitelist
PWGP.PA,Prodways Group,not-in-whitelist
PXT.TO,Parex Resources,not-in-whitelist
PYR.TO,PyroGenesis,not-in-whitelist
PYXL.AX,PYX Resources,not-in-whitelist
PZA.TO,Pizza Pizza Royalty,not-in-whitelist
PZC.L,PZ Cussons,not-in-whitelist
PZXD.SS,Ping An Insurance Group Co of China,not-in-whitelist
QAND.AX,Qantas Airways,not-in-whitelist
QBRA.TO,Quebecor (Class A),not-in-whitelist
QBRB.TO,Quebecor (Class B),not-in-whitelist
QDTP.PA,Quadient,not-in-whitelist
QFI.L,Quadrise,not-in-whitelist
QIPT.TO,Quipt Home Medical,not-in-whitelist
QQ.L,QinetiQ,not-in-whitelist
QSR.TO,Restaurant Brands International,not-in-whitelist
QTRH.TO,Quarterhill,not-in-whitelist
RALP.PA,Rallye,not-in-whitelist
RAYA.TO,Stingray Group,not-in-whitelist
RBA.TO,RB Global,not-in-whitelist
RBG.L,The Revel Collective,not-in-whitelist
RBI.VI,Raiffeisen Bank International,not-in-whitelist
RB.L,Reckitt Benckiser,not-in-whitelist
RBOP.PA,Roche Bobois,not-in-whitelist
RBS.L,NatWest,not-in-whitelist
RBTP.PA,Robertet,not-in-whitelist
RBY.TO,Rubellite Energy,not-in-whitelist
RCG.TO,RF Capital,not-in-whitelist
RCGH.L,RC365 Holding,not-in-whitelist
RCH.TO,Richelieu Hardware,not-in-whitelist
RCI.TO,Rogers Communications,not-in-whitelist
RCIA.TO,Rogers Communications,not-in-whitelist
RCIB.TO,Rogers Communications,not-in-whitelist
RCKTF.TO,Rock Tech Lithium,not-in-whitelist
RCOP.PA,Remy Cointreau,not-in-whitelist
RCP.L,RIT Capital Partners,not-in-whitelist
REAL.TO,Real Matters,not-in-whitelist
REAX.TO,Real Brokerage,not-in-whitelist
RECAF.TO,Reconnaissance Energy Africa,not-in-whitelist
REEMF.TO,Rare Element Resources,not-in-whitelist
REHNS.SW,Romande Energie Holding,not-in-whitelist
REL.L,RELX,not-in-whitelist
RENE.L,ReNeuron,not-in-whitelist
RESI.L,Residential Secure Income,not-in-whitelist
REVB.L,Revolution Beauty,not-in-whitelist
REZZF.TO,Global Battery Metals,not-in-whitelist
RFP.PA,Eurazeo,not-in-whitelist
RGRLF.TO,Rio Grande Resources,not-in-whitelist
RICO.IR,Kalera,not-in-whitelist
RIG.SW,Transocean,not-in-whitelist
RIOCF.TO,RioCan,not-in-whitelist
RIO.L,Rio Tinto,not-in-whitelist
RIP.PA,Pernod Ricard,not-in-whitelist
RKH.L,Rockhopper Exploration,not-in-whitelist
RLFS.SW,Relief Therapeutics,not-in-whitelist
RMG.L,International Distribution Services,not-in-whitelist
RMSP.PA,Hermes International,not-in-whitelist
RMV.L,Rightmove,not-in-whitelist
RNER.TA,Hub Cyber Security,not-in-whitelist
RNK.L,Rank Group,not-in-whitelist
RNOP.PA,Renault,not-in-whitelist
ROCK.L,Rockfire Resources,not-in-whitelist
ROGS.SW,Roche,not-in-whitelist
ROO.L,Deliveroo,not-in-whitelist
ROR1.SW,SunMirror,not-in-whitelist
ROR.L,Rotork,not-in-whitelist
ROSES.SW,DocMorris,not-in-whitelist
RPHAD.JO,Valterra Platinum,not-in-whitelist
RPI.L,Raspberry PI,not-in-whitelist
RPLD.HE,UPM-Kymmene,not-in-whitelist
RR.L,Rolls-Royce,not-in-whitelist
RRR.L,Red Rock Resources,not-in-whitelist
RSI.TO,Rogers Sugar,not-in-whitelist
RSKD.TA,Riskified,not-in-whitelist
RSW.L,Renishaw,not-in-whitelist
RTO.L,Rentokil Initial,not-in-whitelist
RTOP.L,Regtech Open Project,not-in-whitelist
RUIP.PA,Rubis,not-in-whitelist
RUP.TO,Rupert Resources,not-in-whitelist
RUS.TO,Russel Metals,not-in-whitelist
RVRB.L,River Global (Class B),not-in-whitelist
RVRG.L,River Global (Class A),not-in-whitelist
RVSN.TA,Rail Vision,not-in-whitelist
RWLK.TA,Lifeward,not-in-whitelist
RWS.L,RWS,not-in-whitelist
RXLP.PA,Rexel,not-in-whitelist
RY.TO,Royal Bank of Canada,not-in-whitelist
RYCD.TO,Royal Bank of Canada,not-in-whitelist
S.TO,Sherritt International,not-in-whitelist
S247.L,Smarttech247,not-in-whitelist
S30P.PA,Solutions 30,not-in-whitelist
SAEL.SI,Simec Atlantis Energy,not-in-whitelist
SAFE.L,Safestore,not-in-whitelist
SAFP.PA,Safran,not-in-whitelist
SAGA.L,Saga,not-in-whitelist
SALT.L,MicroSalt,not-in-whitelist
SAMA.TO,Clever Leaves,not-in-whitelist
SAMSP.PA,Samse,not-in-whitelist
SAND.TO,Sandstorm Gold,not-in-whitelist
SANNS.SW,Santhera Pharmaceuticals,not-in-whitelist
SANP.PA,Sanofi,not-in-whitelist
SANTD.VI,Kontron,not-in-whitelist
SAOAD.JO,Sasol,not-in-whitelist
SAP.TO,Saputo,not-in-whitelist
SAVEP.PA,Savencia,not-in-whitelist
SAV.L,Savannah Resources,not-in-whitelist
SBRE.L,Sabre Insurance,not-in-whitelist
SBRY.L,J Sainsbury,not-in-whitelist
SBTP.PA,Oeneo,not-in-whitelist
SCAD.ST,Svenska Cellulosa,not-in-whitelist
SCHNS.SW,Schindler Holding,not-in-whitelist
SCHPP.PA,Seche Environnement,not-in-whitelist
SCMNS.SW,Swisscom,not-in-whitelist
SCPCF.TO,Scope Technologies,not-in-whitelist
SCR.TO,Strathcona Resources,not-in-whitelist
SCRM.TO,Lionsgate Studios,not-in-whitelist
SCRP.PA,SCOR,not-in-whitelist
SCT.L,Softcat,not-in-whitelist
SDE.TO,Spartan Delta,not-in-whitelist
SDGP.PA,Synergie,not-in-whitelist
SDI.L,SDI Group,not-in-whitelist
SDR.L,Schroders,not-in-whitelist
SDY.L,Speedy Hire,not-in-whitelist
SDZS.SW,Sandoz Group,not-in-whitelist
SEA.TO,Seabridge Gold,not-in-whitelist
SEC.TO,Senvest Capital,not-in-whitelist
SEEL.AX,Seeing Machines,not-in-whitelist
SEFERP.PA,Serge Ferrari,not-in-whitelist
SENSS.SW,Sensirion Holding,not-in-whitelist
SEOVF.TO,Sernova Biotherapeutics,not-in-whitelist
SES.TO,Secure Waste Infrastructure,not-in-whitelist
SESLP.PA,Vusion Group,not-in-whitelist
SFOR.L,S4 Capital,not-in-whitelist
SFPIP.PA,Groupe SFPI,not-in-whitelist
SFR.L,Severfield,not-in-whitelist
SFSNS.SW,SFS,not-in-whitelist
SFTD.T,SoftBank Group,not-in-whitelist
SFZNS.SW,Siegfried,not-in-whitelist
SGE.L,The Sage Group,not-in-whitelist
SGJHD.SS,Sinopec Shanghai Petrochemical,not-in-whitelist
SGKNS.SW,St Galler Kantonalbank,not-in-whitelist
SGMLF.TO,Sigma Lithium,not-in-whitelist
SGOP.PA,Cie de Saint-Gobain,not-in-whitelist
SGP.L,Superdry,not-in-whitelist
SGRO.L,Segro,not-in-whitelist
SGSNS.SW,SGS,not-in-whitelist
SGY.TO,Surge Energy,not-in-whitelist
SHEL.L,Shell,not-in-whitelist
SHI.L,SIG,not-in-whitelist
SHLE.TO,Source Energy Services,not-in-whitelist
SHMD.T,Shimano,not-in-whitelist
SHOE.L,Shoe Zone,not-in-whitelist
SHOP.TO,Shopify,not-in-whitelist
SHRMF.TO,Braxia Scientific,not-in-whitelist
SHZHD.SS,Shenzhen Expressway,not-in-whitelist
SIA.TO,Sienna Senior Living,not-in-whitelist
SIGHTP.PA,GenSight Biologics,not-in-whitelist
SIGNS.SW,SIG Group,not-in-whitelist
SII.TO,Sprott,not-in-whitelist
SIID.TO,Wheaton Precious Metals,not-in-whitelist
SIKAS.SW,Sika,not-in-whitelist
SILC.TA,Silicom,not-in-whitelist
SIS.TO,Savaria,not-in-whitelist
SJ.TO,Stella-Jones,not-in-whitelist
SKE.TO,Skeena Resources,not-in-whitelist
SKGL.IR,Smurfit WestRock,not-in-whitelist
SKP.PA,SEB,not-in-whitelist
SKWCD.ST,SSAB,not-in-whitelist
SLF.TO,Sun Life Financial,not-in-whitelist
SLGL.TA,Sol-Gel Technologies,not-in-whitelist
SLHG.TO,Skylight Health,not-in-whitelist
SLHNS.SW,Swiss Life,not-in-whitelist
SLI.TO,Standard Lithium,not-in-whitelist
SL.L,Aberdeen Group,not-in-whitelist
SLPE.L,Patria Private Equity Trust,not-in-whitelist
SLS.TO,Solaris Resources,not-in-whitelist
SLS.L,Abrdn UK Smaller Companies Growth Trust,not-in-whitelist
SLSR.TO,Solaris Resources,not-in-whitelist
SMCPP.PA,SMCP,not-in-whitelist
SMIN.L,Smiths Group,not-in-whitelist
SMT.L,Scottish Mortgage Investment Trust,not-in-whitelist
SMWB.TA,SimilarWeb,not-in-whitelist
SMWH.L,WH Smith,not-in-whitelist
SNBNS.SW,Schweizerische Nationalbank,not-in-whitelist
SND.L,Sondrel,not-in-whitelist
SNDL.TO,SNDL,not-in-whitelist
SN.L,Smith & Nephew,not-in-whitelist
SNR.L,Senior,not-in-whitelist
SNWGF.TO,Snowline Gold,not-in-whitelist
SO4L.AX,Salt Lake Potash,not-in-whitelist
SOAC.TO,TMC The Metals Company,not-in-whitelist
SOBO.TO,South Bow,not-in-whitelist
SOHO.L,Social Housing Reit,not-in-whitelist
SOIL.TO,Saturn Oil & Gas,not-in-whitelist
SOIP.PA,SOITEC,not-in-whitelist
SOONS.SW,Sonova,not-in-whitelist
SOPP.PA,Sopra Steria,not-in-whitelist
SOY.TO,SunOpta,not-in-whitelist
SPAQ.L,Ondo InsurTech,not-in-whitelist
SPB.TO,Superior Plus,not-in-whitelist
SPCB.TA,SuperCom,not-in-whitelist
SPD.L,Frasers Group,not-in-whitelist
SPGYF.TO,Whitecap Resources,not-in-whitelist
SPIEP.PA,SPIE,not-in-whitelist
SPI.L,Spire Healthcare,not-in-whitelist
SPO.L,Sportech,not-in-whitelist
SPRC.TA,SciSparc,not-in-whitelist
SPSNS.SW,Swiss Prime Site,not-in-whitelist
SPT.L,Spirent Communications,not-in-whitelist
SPX.L,Spirax Group,not-in-whitelist
SQNS.SW,Swissquote Group Holding,not-in-whitelist
SQZ.L,Serica Energy,not-in-whitelist
SRADD.SW,Sportradar,not-in-whitelist
SRAILS.SW,Stadler Rail,not-in-whitelist
SRENHS.SW,Swiss Re,not-in-whitelist
SRP.L,Serco Group,not-in-whitelist
SRPP.PA,SRP Groupe,not-in-whitelist
SRUUF.TO,Sprott Physical Uranium Trust,not-in-whitelist
SSE.L,SSE,not-in-whitelist
SSIC,Chicago Atlantic BDC,not-in-whitelist
SSIT.L,Seraphim Space Investment Trust,not-in-whitelist
SSL.TO,Sandstorm Gold,not-in-whitelist
SSON.L,Smithson Investment Trust,not-in-whitelist
SSPG.L,SSP,not-in-whitelist
SSRM.TO,SSR Mining,not-in-whitelist
SSYS.TA,Stratasys,not-in-whitelist
STAN.L,Standard Chartered,not-in-whitelist
STB.L,Secure Trust Bank,not-in-whitelist
STC.TO,Sangoma Technologies,not-in-whitelist
STCK.TO,Stack Capital Group,not-in-whitelist
STE.IR,Steris,not-in-whitelist
STEP.TO,STEP Energy Services,not-in-whitelist
STFP.PA,Stef,not-in-whitelist
STGNS.SW,StarragTornos,not-in-whitelist
STGO.TO,Steppe Gold,not-in-whitelist
STJ.L,St James's Place,not-in-whitelist
STKL.TO,SunOpta,not-in-whitelist
STLC.TO,Stelco Holdings,not-in-whitelist
STMNS.SW,Straumann,not-in-whitelist
STN.TO,Stantec,not-in-whitelist
STR.VI,Strabag,not-in-whitelist
STRZ.TO,Starz Entertainment,not-in-whitelist
STX.IR,Seagate Technology,not-in-whitelist
STX.L,Shield Therapeutics,not-in-whitelist
SU.TO,Suncor Energy,not-in-whitelist
SUMAD.T,Sumitomo,not-in-whitelist
SUNNS.SW,Sunrise Communications,not-in-whitelist
SUNS.SW,Sulzer,not-in-whitelist
SUP.PA,Schneider Electric,not-in-whitelist
SUP.L,Supreme,not-in-whitelist
SUPR.L,Supermarket Income Reit,not-in-whitelist
SUUN.TO,PowerBank,not-in-whitelist
SVA.TO,Sernova Biotherapeutics,not-in-whitelist
SVHHD.ST,Svenska Handelsbanken,not-in-whitelist
SVI.TO,StorageVault Canada,not-in-whitelist
SVKBD.ST,Sandvik,not-in-whitelist
SVM.TO,Silvercorp Metals,not-in-whitelist
SVMLL.AX,Sovereign Metals,not-in-whitelist
SVS.L,Savills,not-in-whitelist
SVT.L,Severn Trent,not-in-whitelist
SW.IR,Smurfit WestRock,not-in-whitelist
SWONS.SW,Softwareone,not-in-whitelist
SWP.PA,Sodexo,not-in-whitelist
SWPP.PA,Sword,not-in-whitelist
SXP.TO,Supremex,not-in-whitelist
SYME.L,Supply@Me Capital,not-in-whitelist
SYNT.L,Synthomer,not-in-whitelist
SYTA.TO,Siyata Mobile,not-in-whitelist
SYZ.TO,Sylogist,not-in-whitelist
TA.TO,TransAlta,not-in-whitelist
TAIG.TO,Taiga Motors,not-in-whitelist
TAKOF.TO,Volatus Aerospace,not-in-whitelist
TAL.TO,PetroTal,not-in-whitelist
TAM.L,Tatton Asset Management,not-in-whitelist
TAND.L,Tan Delta Systems,not-in-whitelist
TATE.L,Tate & Lyle,not-in-whitelist
TATT.TA,TAT Technologies,not-in-whitelist
TBL.TO,Taiga Building Products,not-in-whitelist
TCLA.TO,Transcontinental,not-in-whitelist
TCNNF.TO,Trulieve Cannabis,not-in-whitelist
TCS.TO,TECSYS,not-in-whitelist
TCW.TO,Trican Well Service,not-in-whitelist
TD.TO,Toronto-Dominion Bank,not-in-whitelist
TDBD.TO,Toronto-Dominion Bank,not-in-whitelist
TECK.TO,Teck Resources,not-in-whitelist
TECKA.TO,Teck Resources (Class A),not-in-whitelist
TECKB.TO,Teck Resources (Class B),not-in-whitelist
TECNS.SW,Tecan,not-in-whitelist
TEKBD.TO,Teck Resources,not-in-whitelist
TEK.L,Tekcapital,not-in-whitelist
TEL.IR,TE Connectivity,not-in-whitelist
TEM.L,Templeton Emerging Markets Investment Trust,not-in-whitelist
TEMNS.SW,Temenos,not-in-whitelist
TEP.L,Telecom Plus,not-in-whitelist
TEPP.PA,Teleperformance,not-in-whitelist
TEQD.OL,Telenor,not-in-whitelist
TF.TO,Timbercreek Financial Corp,not-in-whitelist
TFFP.PA,TFF Group,not-in-whitelist
TFII.TO,TFI International,not-in-whitelist
TFIP.PA,Television Francaise 1,not-in-whitelist
TFPM.TO,Triple Flag Precious Metals,not-in-whitelist
TGAL.JO,Thungela Resources,not-in-whitelist
TGB.TO,Taseko Mines,not-in-whitelist
TGO.TO,TeraGo,not-in-whitelist
TGODF.TO,BZAM,not-in-whitelist
TGR.L,Tirupati Graphite,not-in-whitelist
TH.TO,Theratechnologies,not-in-whitelist
THAGS.SW,Talenthouse,not-in-whitelist
THEPP.PA,Thermador Groupe,not-in-whitelist
THG.L,THG,not-in-whitelist
THNC.TO,Thinkific Labs,not-in-whitelist
THRG.L,Blackrock Throgmorton Trust,not-in-whitelist
THRL.L,Target Healthcare REIT,not-in-whitelist
THXL.TO,Thor Explorations,not-in-whitelist
TIBNS.SW,Bergbahnen Engelberg-Truebsee-Titlis,not-in-whitelist
TIH.TO,Toromont Industries,not-in-whitelist
TIXT.TO,TELUS International CDA,not-in-whitelist
TKA.VI,Telekom Austria,not-in-whitelist
TKBPS.SW,Thurgauer Kantonalbank,not-in-whitelist
TKO.TO,Taseko Mines,not-in-whitelist
TKOP.PA,Tikehau Capital,not-in-whitelist
TLG.TO,Troilus Gold,not-in-whitelist
TLSD.ST,Telia Co,not-in-whitelist
TLW.L,Tullow Oil,not-in-whitelist
TM17.L,Everplay Group,not-in-whitelist
TM1.L,Technology Minerals,not-in-whitelist
TMDI.TO,Conavi Medical,not-in-whitelist
TMOR.L,Pristine Capital,not-in-whitelist
TMRAD.OL,TOMRA Systems,not-in-whitelist
TNGP.PA,Transgene,not-in-whitelist
TNI.L,Reach,not-in-whitelist
TNZ.TO,Tenaz Energy,not-in-whitelist
TOBAF.TO,TAAT Global Alternatives,not-in-whitelist
TOITF.TO,TOPICUS.COM,not-in-whitelist
TOMD.T,Toyota Motor,not-in-whitelist
TOT.TO,Total Energy Services,not-in-whitelist
TOU.TO,Tourmaline Oil,not-in-whitelist
TOY.TO,Spin Master,not-in-whitelist
TPK.L,Travis Perkins,not-in-whitelist
TPT.L,Topps Tiles,not-in-whitelist
TPVG,TriplePoint Venture Growth BDC,not-in-whitelist
TPXB.TO,Molson Coors Canada,not-in-whitelist
TPZ.TO,Topaz Energy,not-in-whitelist
TRANP.PA,Arverne Group,not-in-whitelist
TRCS.L,Tracsis,not-in-whitelist
TRI.TO,Thomson Reuters,not-in-whitelist
TRIP.PA,Trigano,not-in-whitelist
TRMLF.TO,Tourmaline Oil,not-in-whitelist
TRMR.TA,Nexxen International,not-in-whitelist
TRNT.L,Trainline,not-in-whitelist
TRP.TO,TC Energy,not-in-whitelist
TRSD.TO,TC Energy,not-in-whitelist
TRST.L,Trustpilot,not-in-whitelist
TRX.TO,TRX Gold,not-in-whitelist
TRX.L,Tissue Regenix,not-in-whitelist
TRY.L,TR Property Investment Trust,not-in-whitelist
TRZ.TO,Transat AT,not-in-whitelist
TSAT.TO,Telesat,not-in-whitelist
TSCO.L,Tesco,not-in-whitelist
TSE.IR,Trinseo,not-in-whitelist
TSEM.TA,Tower Semiconductor,not-in-whitelist
TSID.SS,Tsingtao Brewery,not-in-whitelist
TSK.TO,Talisker Resources,not-in-whitelist
TSL.TO,Tree Island Steel,not-in-whitelist
TSND.TO,TerrAscend,not-in-whitelist
TSU.TO,Trisura Group,not-in-whitelist
TT.IR,Trane Technologies,not-in-whitelist
TTG.L,TT Electronics,not-in-whitelist
TTNM.TO,Titanium Transportation Group,not-in-whitelist
TU.TO,TELUS,not-in-whitelist
TUNE.L,Focusrite,not-in-whitelist
TUN.L,Tungsten West,not-in-whitelist
TURB,Turbo Energy,not-in-whitelist
TVAB.TO,TVA Group,not-in-whitelist
TVE.TO,Tamarack Valley Energy,not-in-whitelist
TVK.TO,TerraVest Industries,not-in-whitelist
TWCT.TA,Cellebrite DI,not-in-whitelist
TW.L,Taylor Wimpey,not-in-whitelist
TWM.TO,Tidewater Midstream and Infrastructure,not-in-whitelist
TXG.TO,Torex Gold Resources,not-in-whitelist
TXP.TO,Touchstone Exploration,not-in-whitelist
UBIP.PA,Ubisoft Entertainment,not-in-whitelist
UBS.SW,UBS Group,not-in-whitelist
UBSGS.SW,UBS Group,not-in-whitelist
UBXNS.SW,u-blox,not-in-whitelist
UEM.L,Utilico Emerging Markets Trust,not-in-whitelist
UHRS.SW,Swatch,not-in-whitelist
UKOG.L,UK OIL & GAS,not-in-whitelist
UKW.L,Greencoat UK Wind,not-in-whitelist
ULVR.L,Unilever,not-in-whitelist
UNI.TO,Unisync,not-in-whitelist
UNTC,Unit Corp,not-in-whitelist
URB.TO,Urbana,not-in-whitelist
URBA.TO,Urbana (Class A),not-in-whitelist
URC.TO,Uranium Royalty,not-in-whitelist
URE.TO,Ur-Energy,not-in-whitelist
URG.TO,Ur-Energy,not-in-whitelist
URGN.TA,UroGen Pharma,not-in-whitelist
UROY.TO,Uranium Royalty Corp,not-in-whitelist
URWA.PA,Unibail-Rodamco-Westfield,not-in-whitelist
USA.TO,Americas Gold & Silver,not-in-whitelist
USA.L,Baillie Gifford US Growth Trust,not-in-whitelist
UTG.L,UNITE Group,not-in-whitelist
UU.L,United Utilities,not-in-whitelist
UUUU.TO,Energy Fuels,not-in-whitelist
VACNS.SW,VAT Group,not-in-whitelist
VACP.PA,Pierre Et Vacances,not-in-whitelist
VALTL.JO,Valterra Platinum,not-in-whitelist
VANTIP.PA,Vantiva,not-in-whitelist
VBLT.TA,Notable Labs,not-in-whitelist
VBNK.TO,VersaBank,not-in-whitelist
VBSNS.SW,IVF Hartmann,not-in-whitelist
VCM.TO,Vecima Networks,not-in-whitelist
VCT.L,Victrex,not-in-whitelist
VCTP.PA,Vicat,not-in-whitelist
VCVC.TA,REE Automotive,not-in-whitelist
VEDU.TO,Visionary Holdings,not-in-whitelist
VER.VI,Verbund,not-in-whitelist
VET.TO,Vermilion Energy,not-in-whitelist
VETNS.SW,Vetropack Holding,not-in-whitelist
VETOP.PA,Vetoquinol,not-in-whitelist
VFF.TO,Village Farms International,not-in-whitelist
VGCX.TO,Victoria Gold,not-in-whitelist
VGFC.TO,Very Good Food,not-in-whitelist
VHI.TO,Vitalhub,not-in-whitelist
VIEP.PA,Veolia Environnement,not-in-whitelist
VIG.VI,Vienna Insurance Group AG Wiener Versicherung Gruppe,not-in-whitelist
VILNS.SW,Villars,not-in-whitelist
VILP.PA,VIEL & Cie,not-in-whitelist
VIRPP.PA,Virbac,not-in-whitelist
VIVP.PA,Vivendi,not-in-whitelist
VKP.PA,Vallourec,not-in-whitelist
VLAP.PA,Valneva,not-in-whitelist
VLE.TO,Valeura Energy,not-in-whitelist
VLG.L,Venture Life,not-in-whitelist
VLN.TA,Valens Semiconductor,not-in-whitelist
VLN.TO,Velan,not-in-whitelist
VLRTS.SW,Valartis,not-in-whitelist
VLTSAP.PA,Voltalia,not-in-whitelist
VLX.L,Volex,not-in-whitelist
VMAR.TO,Vision Marine Technologies,not-in-whitelist
VMD.TO,Viemed Healthcare,not-in-whitelist
VMXP.PA,Verimatrix,not-in-whitelist
VNP.TO,5N Plus,not-in-whitelist
VOD.L,Vodafone,not-in-whitelist
VOE.VI,voestalpine,not-in-whitelist
VONNS.SW,Vontobel,not-in-whitelist
VOXR.TO,Vox Royalty,not-in-whitelist
VRAPP.PA,Vranken-Pommery Monopole,not-in-whitelist
VRLAP.PA,Verallia,not-in-whitelist
VRNOF.TO,Verano,not-in-whitelist
VROYF.TO,Vizsla Royalties,not-in-whitelist
VRS.L,Versarien,not-in-whitelist
VTU.L,Vertu Motors,not-in-whitelist
VULD.AX,Vulcan Energy Resources,not-in-whitelist
VWSBD.CO,Vestas Wind Systems,not-in-whitelist
VZLA.TO,Vizsla Silver,not-in-whitelist
VZNS.SW,VZ Holding,not-in-whitelist
WAGAP.PA,Waga Energy,not-in-whitelist
WARNS.SW,Warteck Invest,not-in-whitelist
WATR.L,Water Intelligence,not-in-whitelist
WAVEP.PA,Wavestone,not-in-whitelist
WCN.TO,Waste Connections,not-in-whitelist
WCP.TO,Whitecap Resources,not-in-whitelist
WDO.TO,Wesdome Gold Mines,not-in-whitelist
WEED.TO,Canopy Growth,not-in-whitelist
WEF.TO,Western Forest Products,not-in-whitelist
WEIR.L,Weir Group,not-in-whitelist
WELL.TO,Well Health Technologies,not-in-whitelist
WFC.TO,Wall Financial,not-in-whitelist
WFG.TO,West Fraser Timber,not-in-whitelist
WFTLF.IR,Weatherford International,not-in-whitelist
WG.L,John Wood Group,not-in-whitelist
WGX.AX,Westgold Resources,not-in-whitelist
WHR.L,Warehouse Reit,not-in-whitelist
WIE.VI,Wienerberger,not-in-whitelist
WILD.TO,WildBrain,not-in-whitelist
WIL.L,Wilmington,not-in-whitelist
WINE.L,Naked Wines,not-in-whitelist
WISE.L,Wise,not-in-whitelist
WIX.TA,Wix.com,not-in-whitelist
WIX.L,Wickes,not-in-whitelist
WJG.L,Watkin Jones,not-in-whitelist
WJX.TO,Wajax,not-in-whitelist
WKP.L,Workspace,not-in-whitelist
WLDS.TA,Wearable Devices,not-in-whitelist
WLNP.PA,Worldline,not-in-whitelist
WLTW.IR,Willis Towers Watson,not-in-whitelist
WM.TO,Wallbridge Mining,not-in-whitelist
WN.TO,George Weston,not-in-whitelist
WNDR.TO,WonderFi Technologies,not-in-whitelist
WNLD.OL,Wallenius Wilhelmsen,not-in-whitelist
WOSG.L,Watches of Switzerland,not-in-whitelist
WPK.TO,Winpak,not-in-whitelist
WPM.TO,Wheaton Precious Metals,not-in-whitelist
WPML.TO,Wheaton Precious Metals,not-in-whitelist
WPRT.TO,Westport Fuel Systems,not-in-whitelist
WRG.TO,Western Energy Services,not-in-whitelist
WRKS.L,TheWorks.co.uk,not-in-whitelist
WRN.TO,Western Copper & Gold,not-in-whitelist
WSP.TO,WSP Global,not-in-whitelist
WTB.L,Whitbread,not-in-whitelist
WTE.TO,Westshore Terminals Investment,not-in-whitelist
WVE.SI,WaVe Life Sciences,not-in-whitelist
WWH.L,Worldwide Healthcare Trust,not-in-whitelist
X.TO,TMX Group,not-in-whitelist
XAR.L,Xaar,not-in-whitelist
XBBDCE.SA,Banco Bradesco,not-in-whitelist
XBIT.TO,XBiotech,not-in-whitelist
XCOPE.SA,Companhia Paranaense de Energia,not-in-whitelist
XEKTE.MX,Grupo Elektra,not-in-whitelist
XENE.TO,Xenon Pharmaceuticals,not-in-whitelist
XILP.PA,Xilam Animation,not-in-whitelist
XPPL.SI,XP Power,not-in-whitelist
XPS.L,XPS Pensions,not-in-whitelist
XRTX.TO,XORTX Therapeutics,not-in-whitelist
XTC.TO,Exco Technologies,not-in-whitelist
XTRA.TO,Xtract One Technologies,not-in-whitelist
XUSIOE.SA,Usinas Siderurgicas de Minas Gerais SA Usiminas,not-in-whitelist
XVALOE.SA,Vale,not-in-whitelist
YGR.TO,Yangarra Resources,not-in-whitelist
YOU.L,YouGov,not-in-whitelist
YRRAD.AX,Zip Co,not-in-whitelist
YVR.TO,Liquid Media,not-in-whitelist
ZAMZ.L,Dispensa Group PLC,not-in-whitelist
ZEG.L,Zegona Communications,not-in-whitelist
ZEHNS.SW,Zehnder Group,not-in-whitelist
ZENA.TO,ZenaTech,not-in-whitelist
ZIM.TA,ZIM Integrated Shipping Services,not-in-whitelist
ZNHHD.SS,China Southern Airlines,not-in-whitelist
ZOE.L,Chill Brands,not-in-whitelist
ZOM.TO,Zomedica,not-in-whitelist
ZOO.L,Zoo Digital,not-in-whitelist
ZUBNS.SW,Zueblin Immobilien,not-in-whitelist
ZURNS.SW,Zurich Insurance,not-in-whitelist
